"","model3.coefficients"
"(Intercept)",281.600556065384
"lh_bankssts_thickness",1.54189647815436
"lh_caudalanteriorcingulate_thickness",0.825817732291371
"lh_caudalmiddlefrontal_thickness",0.935635523896684
"lh_cuneus_thickness",-0.15798042320592
"lh_entorhinal_thickness",-0.164544932453005
"lh_fusiform_thickness",1.24715578934715
"lh_inferiorparietal_thickness",2.28891262933264
"lh_inferiortemporal_thickness",-0.273940196411686
"lh_isthmuscingulate_thickness",-0.626843734409996
"lh_lateraloccipital_thickness",0.231795858184107
"lh_lateralorbitofrontal_thickness",-0.229928923968315
"lh_lingual_thickness",2.50199856097961
"lh_medialorbitofrontal_thickness",0.53880976062929
"lh_middletemporal_thickness",0.104046925511234
"lh_parahippocampal_thickness",0.41477907696165
"lh_paracentral_thickness",0.923759550383224
"lh_parsopercularis_thickness",0.789187772638502
"lh_parsorbitalis_thickness",0.687082748792665
"lh_parstriangularis_thickness",-0.51996275220053
"lh_pericalcarine_thickness",-0.214870471629937
"lh_postcentral_thickness",2.09374443647322
"lh_posteriorcingulate_thickness",0.375730109177863
"lh_precentral_thickness",3.71084329007196
"lh_precuneus_thickness",0.733672621451546
"lh_rostralanteriorcingulate_thickness",0.656887860524902
"lh_rostralmiddlefrontal_thickness",2.13321540666762
"lh_superiorfrontal_thickness",-0.781766016194701
"lh_superiorparietal_thickness",2.63992275171235
"lh_superiortemporal_thickness",-1.31912539303655
"lh_supramarginal_thickness",0.281281683963458
"lh_frontalpole_thickness",0.392683033438103
"lh_temporalpole_thickness",-0.263329630980328
"lh_transversetemporal_thickness",0.00247029802800425
"lh_insula_thickness",2.10234439539522
"lh_MeanThickness_thickness",-28.8851636244755
"lh_bankssts_volume",-0.000845174477471972
"lh_caudalanteriorcingulate_volume",-0.00039088330970323
"lh_caudalmiddlefrontal_volume",0.000180832161344848
"lh_cuneus_volume",0.000100985051292772
"lh_entorhinal_volume",0.000518915309401713
"lh_fusiform_volume",0.000217037780069616
"lh_inferiorparietal_volume",-0.000151440151087008
"lh_inferiortemporal_volume",0.00042406933153153
"lh_isthmuscingulate_volume",0.000816380370177548
"lh_lateraloccipital_volume",0.000348492389566311
"lh_lateralorbitofrontal_volume",0.000174303284546098
"lh_lingual_volume",-0.00041556041489943
"lh_medialorbitofrontal_volume",-0.000121300244626124
"lh_middletemporal_volume",-6.36773730715532e-05
"lh_parahippocampal_volume",-0.000603275208637346
"lh_paracentral_volume",-0.000309729628366877
"lh_parsopercularis_volume",-0.000543632736782135
"lh_parsorbitalis_volume",-0.000422466781526507
"lh_parstriangularis_volume",0.00014182800891636
"lh_pericalcarine_volume",-0.000208620046308979
"lh_postcentral_volume",-0.000141562501326676
"lh_posteriorcingulate_volume",0.000122837726134907
"lh_precentral_volume",-0.000339935208922594
"lh_precuneus_volume",-0.000249124132168113
"lh_rostralanteriorcingulate_volume",-7.42209326559298e-05
"lh_rostralmiddlefrontal_volume",-0.00012861682643094
"lh_superiorfrontal_volume",0.000169189215235572
"lh_superiorparietal_volume",0.000107429471223154
"lh_superiortemporal_volume",0.000328263300014239
"lh_supramarginal_volume",0.000149015007414315
"lh_frontalpole_volume",-0.000188680442119122
"lh_temporalpole_volume",0.000737240715538859
"lh_transversetemporal_volume",0.000105801813228637
"lh_insula_volume",-0.000739195340062862
"lh_bankssts_area",0.0132892923612861
"lh_caudalanteriorcingulate_area",0.0124791219130725
"lh_caudalmiddlefrontal_area",0.0102631220432941
"lh_cuneus_area",0.0107991728068123
"lh_entorhinal_area",0.01076135134411
"lh_fusiform_area",0.0105064416045767
"lh_inferiorparietal_area",0.0116300439519219
"lh_inferiortemporal_area",0.00978019227457419
"lh_isthmuscingulate_area",0.00821003884405298
"lh_lateraloccipital_area",0.0100341131594007
"lh_lateralorbitofrontal_area",0.00977662912847997
"lh_lingual_area",0.0119001654007121
"lh_medialorbitofrontal_area",0.0115876288858662
"lh_middletemporal_area",0.0113928987162138
"lh_parahippocampal_area",0.0120247143454684
"lh_paracentral_area",0.0120213152058937
"lh_parsopercularis_area",0.0121872849080731
"lh_parsorbitalis_area",0.0119139064780276
"lh_parstriangularis_area",0.0101151768438733
"lh_pericalcarine_area",0.011331492787173
"lh_postcentral_area",0.0113209674495163
"lh_posteriorcingulate_area",0.0106678387674998
"lh_precentral_area",0.0119211052994539
"lh_precuneus_area",0.0113944849316524
"lh_rostralanteriorcingulate_area",0.011360128765895
"lh_rostralmiddlefrontal_area",0.0113463324235311
"lh_superiorfrontal_area",0.0104714743493003
"lh_superiorparietal_area",0.0107837513150956
"lh_superiortemporal_area",0.0105841464824056
"lh_supramarginal_area",0.010819403484696
"lh_frontalpole_area",0.01083844452463
"lh_temporalpole_area",0.00854826707370679
"lh_transversetemporal_area",0.0109245942303346
"lh_insula_area",0.0132816685643256
"lh_WhiteSurfArea_area",-0.0111034454317713
"rh_bankssts_thickness",0.423436876723419
"rh_caudalanteriorcingulate_thickness",0.371206666401987
"rh_caudalmiddlefrontal_thickness",2.05937286924391
"rh_cuneus_thickness",-0.0164276227341993
"rh_entorhinal_thickness",-0.186658212742756
"rh_fusiform_thickness",0.201341331819566
"rh_inferiorparietal_thickness",-1.3239482649966
"rh_inferiortemporal_thickness",-0.548354359668104
"rh_isthmuscingulate_thickness",-0.371293917406592
"rh_lateraloccipital_thickness",-1.90312497744683
"rh_lateralorbitofrontal_thickness",0.746815425569207
"rh_lingual_thickness",0.760034822811444
"rh_medialorbitofrontal_thickness",1.06507375096682
"rh_middletemporal_thickness",0.0346086554623055
"rh_parahippocampal_thickness",0.0962913046580837
"rh_paracentral_thickness",1.49877786635338
"rh_parsopercularis_thickness",-0.140504737918576
"rh_parsorbitalis_thickness",0.925158855010362
"rh_parstriangularis_thickness",0.00758434785856338
"rh_pericalcarine_thickness",-0.814050759761633
"rh_postcentral_thickness",2.09228339414061
"rh_posteriorcingulate_thickness",-0.0166948453513211
"rh_precentral_thickness",2.54449601727951
"rh_precuneus_thickness",-1.32407140400243
"rh_rostralanteriorcingulate_thickness",0.397719853938845
"rh_rostralmiddlefrontal_thickness",5.08577394994883
"rh_superiorfrontal_thickness",-0.576041998485725
"rh_superiorparietal_thickness",1.28594541735248
"rh_superiortemporal_thickness",-0.371487087239349
"rh_supramarginal_thickness",-0.0899201091715449
"rh_frontalpole_thickness",0.541448844622048
"rh_temporalpole_thickness",0.182997322103207
"rh_transversetemporal_thickness",-0.223940545369063
"rh_insula_thickness",1.33999020257666
"rh_MeanThickness_thickness",-11.4184572554704
"rh_bankssts_volume",-5.859421041481e-05
"rh_caudalanteriorcingulate_volume",0.000461220923214209
"rh_caudalmiddlefrontal_volume",-0.000104718728424829
"rh_cuneus_volume",0.000123110240146255
"rh_entorhinal_volume",0.000365662073419084
"rh_fusiform_volume",-4.42902854299305e-05
"rh_inferiorparietal_volume",7.0933833869607e-05
"rh_inferiortemporal_volume",0.000296876301530865
"rh_isthmuscingulate_volume",0.000307744014871504
"rh_lateraloccipital_volume",0.000295647822759641
"rh_lateralorbitofrontal_volume",0.000160044493860402
"rh_lingual_volume",-0.000245565337030598
"rh_medialorbitofrontal_volume",-0.000556398736716485
"rh_middletemporal_volume",-7.95837030441587e-05
"rh_parahippocampal_volume",-9.72543286457548e-05
"rh_paracentral_volume",-0.000655499742679084
"rh_parsopercularis_volume",-0.00012675985591775
"rh_parsorbitalis_volume",-0.000846819645254018
"rh_parstriangularis_volume",-0.000279030783166726
"rh_pericalcarine_volume",0.000597192889824783
"rh_postcentral_volume",-0.00020172388892282
"rh_posteriorcingulate_volume",0.000128869620599276
"rh_precentral_volume",-0.000304630032331699
"rh_precuneus_volume",0.000245572200003882
"rh_rostralanteriorcingulate_volume",5.87103350043842e-05
"rh_rostralmiddlefrontal_volume",-0.00063460849955416
"rh_superiorfrontal_volume",6.0355535638786e-05
"rh_superiorparietal_volume",0.00019928303539953
"rh_superiortemporal_volume",-0.000159370310335787
"rh_supramarginal_volume",4.35734304626686e-05
"rh_frontalpole_volume",-0.000570344627253112
"rh_temporalpole_volume",0.000188477690276173
"rh_transversetemporal_volume",0.000566377297023468
"rh_insula_volume",-4.57941971582405e-05
"rh_bankssts_area",-0.00755973677774227
"rh_caudalanteriorcingulate_area",-0.00916351368337684
"rh_caudalmiddlefrontal_area",-0.00709307332574327
"rh_cuneus_area",-0.00788069821943061
"rh_entorhinal_area",-0.00773934141002552
"rh_fusiform_area",-0.0081222847131672
"rh_inferiorparietal_area",-0.00795053582636706
"rh_inferiortemporal_area",-0.00900363410757065
"rh_isthmuscingulate_area",-0.00884340167896781
"rh_lateraloccipital_area",-0.00878879160607028
"rh_lateralorbitofrontal_area",-0.00851722570902581
"rh_lingual_area",-0.00763855979651606
"rh_medialorbitofrontal_area",-0.00605090836612463
"rh_middletemporal_area",-0.0078208311509199
"rh_parahippocampal_area",-0.00782431610657384
"rh_paracentral_area",-0.00586446614042093
"rh_parsopercularis_area",-0.00765186656126726
"rh_parsorbitalis_area",-0.00545726031748963
"rh_parstriangularis_area",-0.00748109151403301
"rh_pericalcarine_area",-0.0084544822482034
"rh_postcentral_area",-0.00713288248508776
"rh_posteriorcingulate_area",-0.0082397514515576
"rh_precentral_area",-0.00670631392006366
"rh_precuneus_area",-0.00840922263437745
"rh_rostralanteriorcingulate_area",-0.00741491791876845
"rh_rostralmiddlefrontal_area",-0.00607684892270758
"rh_superiorfrontal_area",-0.00790955496561706
"rh_superiorparietal_area",-0.00829129929707436
"rh_superiortemporal_area",-0.00693775964749032
"rh_supramarginal_area",-0.00772720615232966
"rh_frontalpole_area",-0.00609760863771802
"rh_temporalpole_area",-0.00747932506680092
"rh_transversetemporal_area",-0.0117700374093874
"rh_insula_area",-0.00710071755155328
"rh_WhiteSurfArea_area",0.0077732928764969
"v_intra_ATRL",-180.606398171716
"v_intra_ATRR",60.6530440135226
"v_intra_CSTL",12.7064237750316
"v_intra_CSTR",-6.50137343848087
"v_intra_CGL",-96.957148442358
"v_intra_CGR",13.2914544425115
"v_intra_FMAJ",44.0499069776954
"v_intra_FMIN",65.1285357595742
"v_intra_IFOFL",-34.6882907033235
"v_intra_IFOFR",9.83795621962056
"v_intra_ILFL",47.1044333634369
"v_intra_ILFR",-249.163829332538
"v_intra_SLFL",62.0773418654448
"v_intra_SLFR",-116.618999805561
"v_intra_UFL",-92.3084686011024
"v_intra_UFR",74.4330372744282
"v_intra_SLFTL",2.37596401687019
"v_intra_SLTFR",18.5346370790318
"v_intra_Middlecerebellarpeduncle",-70.7188550060111
"v_intra_Pontine",-11.8384645565124
"v_intra_GenuCC",-23.069562676743
"v_intra_BodyCC",82.57297683963
"v_intra_SpleniumCC",-123.894485103774
"v_intra_Fornix",-7.61896913030574
"v_intra_CorticospinaltractR",2.26716331513663
"v_intra_CorticospinaltractL",12.0437524187382
"v_intra_MediallemniscusR",-28.9873989826091
"v_intra_MediallemniscusL",18.2127032308454
"v_intra_InferiorcerebellarpeduncleR",70.6189265328368
"v_intra_InferiorcerebellarpeduncleL",-24.4411611992078
"v_intra_SuperiorcerebellarpeduncleR",34.2242358342863
"v_intra_SuperiorcerebellarpeduncleL",-1.51447445808244
"v_intra_CerebralpeduncleR",22.6360478690029
"v_intra_CerebralpeduncleL",-42.0111722806405
"v_intra_AnteriorlimbofinternalcapsuleR",-15.7495656205257
"v_intra_AnteriorlimbofinternalcapsuleL",31.3992407876552
"v_intra_.PosteriorlimbofinternalcapsuleR",158.680141485124
"v_intra_PosteriorlimbofinternalcapsuleL",9.81383472097551
"v_intra_RetrolenticularpartofinternalcapsuleR",-21.6313244767659
"v_intra_RetrolenticularpartofinternalcapsuleL",179.775028668863
"v_intra_AnteriorcoronaradiataR",-77.4283925127842
"v_intra_AnteriorcoronaradiataL",-0.129941808639618
"v_intra_SuperiorcoronaradiataR",-77.8839655954309
"v_intra_SuperiorcoronaradiataL",10.9296849258438
"v_intra_PosteriorcoronaradiataR",7.06720459146468
"v_intra_PosteriorcoronaradiataL",100.25557414822
"v_intra_PosteriorthalamicradiationR",74.8494117213047
"v_intra_PosteriorthalamicradiationL",50.3213942628791
"v_intra_SagittalstratumR",98.1781218176083
"v_intra_SagittalstratumL",-31.3192826585289
"v_intra_ExternalcapsuleR",-42.6530401663394
"v_intra_ExternalcapsuleL",76.1444301756095
"v_intra_CingulumcingulategyrusR",-20.4273792354706
"v_intra_CingulumcingulategyrusL",3.62641979871622
"v_intra_CingulumhippocampusR",75.6228119606076
"v_intra_CingulumhippocampusL",20.5790340168663
"v_intra_Fornix_StriaterminalisR",-32.7921382116069
"v_intra_Fornix_StriaterminalisL",44.8311029204097
"v_intra_SuperiorlongitudinalfasciculusR",77.8017277522336
"v_intra_SuperiorlongitudinalfasciculusL",-47.132898600188
"v_intra_SuperiorfrontooccipitalfasciculusR",21.6344934017279
"v_intra_SuperiorfrontooccipitalfasciculusL",13.8840152482907
"v_intra_UncinatefasciculusR",43.5082727888718
"v_intra_UncinatefasciculusL",-7.19586442999027
"v_intra_TapetumR",22.0975791399664
"v_intra_TapetumL",-16.445108003323
"v_intra_Mean",43.9247380108901
"v_intra_CINGL",-23.1830774811426
"v_intra_CINGR",-83.3939547979559
"v_extra_ATRL",-20.6756742150659
"v_extra_ATRR",-40.9048291674364
"v_extra_CSTL",-8.36937618283695
"v_extra_CSTR",11.2264638378038
"v_extra_CGL",4.66625055685295
"v_extra_CGR",13.5214531289001
"v_extra_FMAJ",76.6622009788411
"v_extra_FMIN",28.8919024761056
"v_extra_IFOFL",-3.52568014389183
"v_extra_IFOFR",-45.4709423305814
"v_extra_ILFL",16.5077274490704
"v_extra_ILFR",-10.8214985566787
"v_extra_SLFL",-15.6983967474655
"v_extra_SLFR",0.55813411568239
"v_extra_UFL",13.2287113991648
"v_extra_UFR",8.26357843565858
"v_extra_SLFTL",5.99885944178872
"v_extra_SLTFR",6.89159383542275
"v_extra_Middlecerebellarpeduncle",-10.4550188118895
"v_extra_Pontine",-0.7755254652266
"v_extra_GenuCC",-45.438090898466
"v_extra_BodyCC",9.19592562409912
"v_extra_SpleniumCC",-76.8860635752877
"v_extra_Fornix",0.437465463768985
"v_extra_CorticospinaltractR",-1.30577279502396
"v_extra_CorticospinaltractL",2.0454207655011
"v_extra_MediallemniscusR",-5.95618441567586
"v_extra_MediallemniscusL",-7.36119356003168
"v_extra_InferiorcerebellarpeduncleR",18.5352868347596
"v_extra_InferiorcerebellarpeduncleL",13.4014109152975
"v_extra_SuperiorcerebellarpeduncleR",-3.94589359869996
"v_extra_SuperiorcerebellarpeduncleL",-5.36260408915667
"v_extra_CerebralpeduncleR",3.82617593166492
"v_extra_CerebralpeduncleL",9.14253508677017
"v_extra_AnteriorlimbofinternalcapsuleR",11.4056419083499
"v_extra_AnteriorlimbofinternalcapsuleL",10.9322515557067
"v_extra_.PosteriorlimbofinternalcapsuleR",-8.39012688172445
"v_extra_PosteriorlimbofinternalcapsuleL",12.7309228014971
"v_extra_RetrolenticularpartofinternalcapsuleR",29.8615901641539
"v_extra_RetrolenticularpartofinternalcapsuleL",-22.9792428148957
"v_extra_AnteriorcoronaradiataR",-2.86446038017656
"v_extra_AnteriorcoronaradiataL",-18.8671783803618
"v_extra_SuperiorcoronaradiataR",9.444949130918
"v_extra_SuperiorcoronaradiataL",-4.08099112050546
"v_extra_PosteriorcoronaradiataR",-2.63694421980648
"v_extra_PosteriorcoronaradiataL",-2.33659801886675
"v_extra_PosteriorthalamicradiationR",21.2525460206077
"v_extra_PosteriorthalamicradiationL",-26.3179506080071
"v_extra_SagittalstratumR",20.4965795246753
"v_extra_SagittalstratumL",8.34324218166848
"v_extra_ExternalcapsuleR",10.8256667352645
"v_extra_ExternalcapsuleL",1.89058653672604
"v_extra_CingulumcingulategyrusR",2.34651912442898
"v_extra_CingulumcingulategyrusL",2.57109494350447
"v_extra_CingulumhippocampusR",7.66434184368429
"v_extra_CingulumhippocampusL",12.0120132982723
"v_extra_Fornix_StriaterminalisR",2.92301573396224
"v_extra_Fornix_StriaterminalisL",-2.8191581256991
"v_extra_SuperiorlongitudinalfasciculusR",-0.828573497885419
"v_extra_SuperiorlongitudinalfasciculusL",18.5072075607911
"v_extra_SuperiorfrontooccipitalfasciculusR",-18.2048322136044
"v_extra_SuperiorfrontooccipitalfasciculusL",11.9508469751204
"v_extra_UncinatefasciculusR",-4.28387540478418
"v_extra_UncinatefasciculusL",-0.658958605072996
"v_extra_TapetumR",3.39664015070289
"v_extra_TapetumL",0.699686189656935
"v_extra_Mean",-21.321429121608
"v_extra_CINGL",-12.9220042367626
"v_extra_CINGR",-7.04915279168318
"v_csf_ATRL",8.56045665156192
"v_csf_ATRR",-11.6224899512396
"v_csf_CSTL",15.0471662381103
"v_csf_CSTR",1.48679716765326
"v_csf_CGL",-10.3818874739732
"v_csf_CGR",-7.5414577981415
"v_csf_FMAJ",2.6168313176595
"v_csf_FMIN",11.8045436283895
"v_csf_IFOFL",0.892279964302512
"v_csf_IFOFR",39.2106794038092
"v_csf_ILFL",9.62178711833397
"v_csf_ILFR",22.1179857910227
"v_csf_SLFL",28.9158583654206
"v_csf_SLFR",4.10703311859966
"v_csf_UFL",-6.56400127883338
"v_csf_UFR",2.45611149594547
"v_csf_SLFTL",-4.00584143102113
"v_csf_SLTFR",8.962059284305
"v_csf_Middlecerebellarpeduncle",-5.29157325127657
"v_csf_Pontine",3.05575884787772
"v_csf_GenuCC",-1.29556625179165
"v_csf_BodyCC",-3.97407243145965
"v_csf_SpleniumCC",7.11470407111959
"v_csf_Fornix",10.8663538649343
"v_csf_CorticospinaltractR",-0.858550572264892
"v_csf_CorticospinaltractL",-2.44921068460246
"v_csf_MediallemniscusR",0.642836749811648
"v_csf_MediallemniscusL",-2.48620344945583
"v_csf_InferiorcerebellarpeduncleR",8.03020902129459
"v_csf_InferiorcerebellarpeduncleL",-5.41844252530756
"v_csf_SuperiorcerebellarpeduncleR",2.51193402746911
"v_csf_SuperiorcerebellarpeduncleL",-3.99599728604242
"v_csf_CerebralpeduncleR",2.18588964711202
"v_csf_CerebralpeduncleL",-0.842288020163768
"v_csf_AnteriorlimbofinternalcapsuleR",0.0350654717031454
"v_csf_AnteriorlimbofinternalcapsuleL",-1.05717560032
"v_csf_.PosteriorlimbofinternalcapsuleR",11.0081647756184
"v_csf_PosteriorlimbofinternalcapsuleL",-4.83953682236859
"v_csf_RetrolenticularpartofinternalcapsuleR",-21.5628715771831
"v_csf_RetrolenticularpartofinternalcapsuleL",0.483219429226258
"v_csf_AnteriorcoronaradiataR",-9.78843922354014
"v_csf_AnteriorcoronaradiataL",11.731695497828
"v_csf_SuperiorcoronaradiataR",7.46756322740973
"v_csf_SuperiorcoronaradiataL",-3.85794288822028
"v_csf_PosteriorcoronaradiataR",14.7788099730869
"v_csf_PosteriorcoronaradiataL",-14.0847090767062
"v_csf_PosteriorthalamicradiationR",-8.63470023855314
"v_csf_PosteriorthalamicradiationL",4.40940353535972
"v_csf_SagittalstratumR",2.69200455728724
"v_csf_SagittalstratumL",15.4877324527325
"v_csf_ExternalcapsuleR",-13.7493008726113
"v_csf_ExternalcapsuleL",6.50705023753023
"v_csf_CingulumcingulategyrusR",9.2065831688442
"v_csf_CingulumcingulategyrusL",7.13115018638581
"v_csf_CingulumhippocampusR",1.45034544062227
"v_csf_CingulumhippocampusL",4.38479550910562
"v_csf_Fornix_StriaterminalisR",-11.7473618288049
"v_csf_Fornix_StriaterminalisL",-5.21736708398329
"v_csf_SuperiorlongitudinalfasciculusR",-2.54391597214748
"v_csf_SuperiorlongitudinalfasciculusL",-5.85999467998752
"v_csf_SuperiorfrontooccipitalfasciculusR",-2.47974668583686
"v_csf_SuperiorfrontooccipitalfasciculusL",-1.80673021291676
"v_csf_UncinatefasciculusR",-1.34348365080067
"v_csf_UncinatefasciculusL",0.210556710314282
"v_csf_TapetumR",0.71293508795092
"v_csf_TapetumL",1.11438231286408
"v_csf_Mean",-108.742638443702
"v_csf_CINGL",-7.51711094257668
"v_csf_CINGR",-13.3160713912197
"micro_Rd_ATRL",10.3117444651966
"micro_Rd_ATRR",16.7345490175162
"micro_Rd_CSTL",5.65759573517377
"micro_Rd_CSTR",-2.20985776189557
"micro_Rd_CGL",22.1909459869349
"micro_Rd_CGR",2.11607660623761
"micro_Rd_FMAJ",-40.7546623122665
"micro_Rd_FMIN",-15.4913027000819
"micro_Rd_IFOFL",25.0637890065173
"micro_Rd_IFOFR",36.6377097077542
"micro_Rd_ILFL",11.6196267427815
"micro_Rd_ILFR",2.39290800297998
"micro_Rd_SLFL",-11.6952923501586
"micro_Rd_SLFR",28.7961784176603
"micro_Rd_UFL",-16.6888700343038
"micro_Rd_UFR",-2.32315227997391
"micro_Rd_SLFTL",0.348149640381602
"micro_Rd_SLTFR",-7.76017931667052
"micro_Rd_Middlecerebellarpeduncle",10.005377464356
"micro_Rd_Pontine",-3.03714191032333
"micro_Rd_GenuCC",30.5284315171494
"micro_Rd_BodyCC",-4.75372955047507
"micro_Rd_SpleniumCC",65.6288544300712
"micro_Rd_Fornix",1.64087507632341
"micro_Rd_CorticospinaltractR",4.04792993021012
"micro_Rd_CorticospinaltractL",-4.63766318088853
"micro_Rd_MediallemniscusR",14.8891598172184
"micro_Rd_MediallemniscusL",0.845886206950269
"micro_Rd_InferiorcerebellarpeduncleR",-9.60504438045016
"micro_Rd_InferiorcerebellarpeduncleL",-13.340179218647
"micro_Rd_SuperiorcerebellarpeduncleR",0.336116965809163
"micro_Rd_SuperiorcerebellarpeduncleL",5.45599105837589
"micro_Rd_CerebralpeduncleR",13.8185919137822
"micro_Rd_CerebralpeduncleL",-12.4240963757828
"micro_Rd_AnteriorlimbofinternalcapsuleR",-0.692938114275734
"micro_Rd_AnteriorlimbofinternalcapsuleL",-2.63642460115847
"micro_Rd_.PosteriorlimbofinternalcapsuleR",-2.88947615362604
"micro_Rd_PosteriorlimbofinternalcapsuleL",1.54155595238031
"micro_Rd_RetrolenticularpartofinternalcapsuleR",-7.38205694437807
"micro_Rd_RetrolenticularpartofinternalcapsuleL",8.07959470615328
"micro_Rd_AnteriorcoronaradiataR",-1.48312273891085
"micro_Rd_AnteriorcoronaradiataL",4.34363365144847
"micro_Rd_SuperiorcoronaradiataR",-4.27858089314267
"micro_Rd_SuperiorcoronaradiataL",-6.90573606462232
"micro_Rd_PosteriorcoronaradiataR",15.0313779467266
"micro_Rd_PosteriorcoronaradiataL",5.94871521949742
"micro_Rd_PosteriorthalamicradiationR",-28.8551260654016
"micro_Rd_PosteriorthalamicradiationL",0.609588528228886
"micro_Rd_SagittalstratumR",-11.7216841532061
"micro_Rd_SagittalstratumL",-5.79816801671871
"micro_Rd_ExternalcapsuleR",-0.739906093353328
"micro_Rd_ExternalcapsuleL",-3.52195621488889
"micro_Rd_CingulumcingulategyrusR",-0.184615497458739
"micro_Rd_CingulumcingulategyrusL",-0.701723290929944
"micro_Rd_CingulumhippocampusR",7.44643372232748
"micro_Rd_CingulumhippocampusL",-25.8589053823624
"micro_Rd_Fornix_StriaterminalisR",-11.0702418781646
"micro_Rd_Fornix_StriaterminalisL",0.581549125908965
"micro_Rd_SuperiorlongitudinalfasciculusR",-2.23370461335208
"micro_Rd_SuperiorlongitudinalfasciculusL",-16.7395493952188
"micro_Rd_SuperiorfrontooccipitalfasciculusR",1.70830871803662
"micro_Rd_SuperiorfrontooccipitalfasciculusL",-8.43279714821971
"micro_Rd_UncinatefasciculusR",0.107343624924309
"micro_Rd_UncinatefasciculusL",2.16785053611212
"micro_Rd_TapetumR",0.307266774732374
"micro_Rd_TapetumL",-0.800569241417099
"micro_Rd_Mean",-59.1149991038702
"micro_Rd_CINGL",11.8822683957158
"micro_Rd_CINGR",13.0690610285436
"micro_FA_ATRL",225.129344858255
"micro_FA_ATRR",-126.345907474355
"micro_FA_CSTL",23.5153852039952
"micro_FA_CSTR",-5.95089883891848
"micro_FA_CGL",109.14474243507
"micro_FA_CGR",31.6737173484925
"micro_FA_FMAJ",-77.3642067242176
"micro_FA_FMIN",17.860018197451
"micro_FA_IFOFL",36.2223211530651
"micro_FA_IFOFR",10.9663976001514
"micro_FA_ILFL",-136.758119508369
"micro_FA_ILFR",294.071099085836
"micro_FA_SLFL",3.95101545021079
"micro_FA_SLFR",132.700268539928
"micro_FA_UFL",105.789921179987
"micro_FA_UFR",-12.3972797300568
"micro_FA_SLFTL",24.5235176709233
"micro_FA_SLTFR",3.64032970655971
"micro_FA_Middlecerebellarpeduncle",61.8523114883233
"micro_FA_Pontine",-4.45758257122329
"micro_FA_GenuCC",48.2413123890177
"micro_FA_BodyCC",-100.942938591257
"micro_FA_SpleniumCC",205.640665326274
"micro_FA_Fornix",15.9034099943793
"micro_FA_CorticospinaltractR",17.8688363890719
"micro_FA_CorticospinaltractL",-7.34352058568327
"micro_FA_MediallemniscusR",29.4832264034961
"micro_FA_MediallemniscusL",18.4641499594173
"micro_FA_InferiorcerebellarpeduncleR",-72.7740308136171
"micro_FA_InferiorcerebellarpeduncleL",-27.4241341258226
"micro_FA_SuperiorcerebellarpeduncleR",-35.2445532302204
"micro_FA_SuperiorcerebellarpeduncleL",-8.26550543846914
"micro_FA_CerebralpeduncleR",1.8163523234281
"micro_FA_CerebralpeduncleL",-4.39498437500655
"micro_FA_AnteriorlimbofinternalcapsuleR",39.5504853136408
"micro_FA_AnteriorlimbofinternalcapsuleL",-81.6729791799321
"micro_FA_.PosteriorlimbofinternalcapsuleR",-161.418071682257
"micro_FA_PosteriorlimbofinternalcapsuleL",45.23160913202
"micro_FA_RetrolenticularpartofinternalcapsuleR",-60.944403964221
"micro_FA_RetrolenticularpartofinternalcapsuleL",-134.628615995633
"micro_FA_AnteriorcoronaradiataR",-6.33784128637625
"micro_FA_AnteriorcoronaradiataL",8.38051458610827
"micro_FA_SuperiorcoronaradiataR",97.4927971643467
"micro_FA_SuperiorcoronaradiataL",-53.5582298907266
"micro_FA_PosteriorcoronaradiataR",29.5533321399461
"micro_FA_PosteriorcoronaradiataL",-75.3469757780811
"micro_FA_PosteriorthalamicradiationR",-33.9376262465919
"micro_FA_PosteriorthalamicradiationL",-30.3591216437262
"micro_FA_SagittalstratumR",-106.886518131954
"micro_FA_SagittalstratumL",90.4745192098568
"micro_FA_ExternalcapsuleR",-27.1145133561892
"micro_FA_ExternalcapsuleL",-112.529246340412
"micro_FA_CingulumcingulategyrusR",78.7985993417661
"micro_FA_CingulumcingulategyrusL",-53.9783127768657
"micro_FA_CingulumhippocampusR",-28.3964459338422
"micro_FA_CingulumhippocampusL",-67.7647238336064
"micro_FA_Fornix_StriaterminalisR",-23.6708861452721
"micro_FA_Fornix_StriaterminalisL",-50.165322147035
"micro_FA_SuperiorlongitudinalfasciculusR",-68.9145158295492
"micro_FA_SuperiorlongitudinalfasciculusL",-33.7112102386649
"micro_FA_SuperiorfrontooccipitalfasciculusR",-60.4870908324829
"micro_FA_SuperiorfrontooccipitalfasciculusL",5.50017136629969
"micro_FA_UncinatefasciculusR",-62.8557712136004
"micro_FA_UncinatefasciculusL",20.6680566906201
"micro_FA_TapetumR",-43.26918184124
"micro_FA_TapetumL",3.55441466729502
"micro_FA_Mean",-139.70142608447
"micro_FA_CINGL",44.7579027516809
"micro_FA_CINGR",2.4337059472465
"micro_Ax_ATRL",-50.1436466994058
"micro_Ax_ATRR",-61.2743750385997
"micro_Ax_CSTL",-33.9584182996585
"micro_Ax_CSTR",67.7334419786695
"micro_Ax_CGL",-32.3224225591666
"micro_Ax_CGR",2.40206083155827
"micro_Ax_FMAJ",49.3389445651308
"micro_Ax_FMIN",29.8302457297762
"micro_Ax_IFOFL",34.4784748996349
"micro_Ax_IFOFR",-79.5184626445125
"micro_Ax_ILFL",37.7239900985043
"micro_Ax_ILFR",47.8403350636127
"micro_Ax_SLFL",-25.2386840019955
"micro_Ax_SLFR",57.0518471451375
"micro_Ax_UFL",18.5274981383444
"micro_Ax_UFR",-10.020981876471
"micro_Ax_SLFTL",-4.12273029268147
"micro_Ax_SLTFR",-4.89756461619544
"micro_Ax_Middlecerebellarpeduncle",15.8860466652353
"micro_Ax_Pontine",11.1667416249519
"micro_Ax_GenuCC",-49.9016594277851
"micro_Ax_BodyCC",-7.14408300483336
"micro_Ax_SpleniumCC",-1.35157226675996
"micro_Ax_Fornix",-0.108615918025836
"micro_Ax_CorticospinaltractR",-1.44083752889207
"micro_Ax_CorticospinaltractL",-2.8059681275242
"micro_Ax_MediallemniscusR",13.4422833595935
"micro_Ax_MediallemniscusL",-16.2555393083587
"micro_Ax_InferiorcerebellarpeduncleR",-12.5924357323071
"micro_Ax_InferiorcerebellarpeduncleL",36.9477343376064
"micro_Ax_SuperiorcerebellarpeduncleR",-22.1328424804071
"micro_Ax_SuperiorcerebellarpeduncleL",30.6417150996879
"micro_Ax_CerebralpeduncleR",-5.62613948317384
"micro_Ax_CerebralpeduncleL",33.5870911768981
"micro_Ax_AnteriorlimbofinternalcapsuleR",33.7028164736321
"micro_Ax_AnteriorlimbofinternalcapsuleL",21.417868239828
"micro_Ax_.PosteriorlimbofinternalcapsuleR",-82.7263504934916
"micro_Ax_PosteriorlimbofinternalcapsuleL",4.52706382810823
"micro_Ax_RetrolenticularpartofinternalcapsuleR",46.6312283906424
"micro_Ax_RetrolenticularpartofinternalcapsuleL",-93.5725633092845
"micro_Ax_AnteriorcoronaradiataR",34.7874019377895
"micro_Ax_AnteriorcoronaradiataL",-22.1249844112349
"micro_Ax_SuperiorcoronaradiataR",38.3551035231561
"micro_Ax_SuperiorcoronaradiataL",-8.21333432767413
"micro_Ax_PosteriorcoronaradiataR",-37.317853430131
"micro_Ax_PosteriorcoronaradiataL",11.1955499448366
"micro_Ax_PosteriorthalamicradiationR",-18.7425304062882
"micro_Ax_PosteriorthalamicradiationL",-51.8712287040506
"micro_Ax_SagittalstratumR",-9.62998430378266
"micro_Ax_SagittalstratumL",-17.9231317333237
"micro_Ax_ExternalcapsuleR",56.6467236860937
"micro_Ax_ExternalcapsuleL",8.46433161759607
"micro_Ax_CingulumcingulategyrusR",-14.8043675624055
"micro_Ax_CingulumcingulategyrusL",17.5648339287691
"micro_Ax_CingulumhippocampusR",-54.921846955889
"micro_Ax_CingulumhippocampusL",26.2995261494869
"micro_Ax_Fornix_StriaterminalisR",33.6999303264215
"micro_Ax_Fornix_StriaterminalisL",-19.3444648522629
"micro_Ax_SuperiorlongitudinalfasciculusR",-29.2655986420401
"micro_Ax_SuperiorlongitudinalfasciculusL",-3.97711225925521
"micro_Ax_SuperiorfrontooccipitalfasciculusR",-15.9918238041431
"micro_Ax_SuperiorfrontooccipitalfasciculusL",3.6187651873728
"micro_Ax_UncinatefasciculusR",-2.01485869690793
"micro_Ax_UncinatefasciculusL",-9.06382284639233
"micro_Ax_TapetumR",9.41722461989396
"micro_Ax_TapetumL",10.1190531490563
"micro_Ax_Mean",47.8596419902397
"micro_Ax_CINGL",-3.29272504386452
"micro_Ax_CINGR",27.9884794888013
"micro_ADC_ATRL",199.928811394077
"micro_ADC_ATRR",-32.8273780007377
"micro_ADC_CSTL",-84.6652285783974
"micro_ADC_CSTR",1.04813218377024
"micro_ADC_CGL",34.4023544010662
"micro_ADC_CGR",139.485496448472
"micro_ADC_FMAJ",-43.9689801133462
"micro_ADC_FMIN",-36.2434528632935
"micro_ADC_IFOFL",27.3324135267451
"micro_ADC_IFOFR",-59.4716255865751
"micro_ADC_ILFL",-142.450310326802
"micro_ADC_ILFR",54.3712836301909
"micro_ADC_SLFL",-45.8161244115462
"micro_ADC_SLFR",185.022285158163
"micro_ADC_UFL",5.94795713279301
"micro_ADC_UFR",6.05656440844546
"micro_ADC_SLFTL",41.4557413238253
"micro_ADC_SLTFR",-9.34970114973711
"micro_ADC_Middlecerebellarpeduncle",23.3405734255796
"micro_ADC_Pontine",-7.06747986981379
"micro_ADC_GenuCC",48.5128875052809
"micro_ADC_BodyCC",-20.1376038458596
"micro_ADC_SpleniumCC",-65.3257215007744
"micro_ADC_Fornix",1.15485481830222
"micro_ADC_CorticospinaltractR",-6.37149450667653
"micro_ADC_CorticospinaltractL",12.7936989404004
"micro_ADC_MediallemniscusR",-6.44503768918339
"micro_ADC_MediallemniscusL",11.3333268394163
"micro_ADC_InferiorcerebellarpeduncleR",-2.53087341626202
"micro_ADC_InferiorcerebellarpeduncleL",-18.1330572683591
"micro_ADC_SuperiorcerebellarpeduncleR",-1.2608974470019
"micro_ADC_SuperiorcerebellarpeduncleL",-22.8760737789562
"micro_ADC_CerebralpeduncleR",-1.27089049856217
"micro_ADC_CerebralpeduncleL",-15.2062154808439
"micro_ADC_AnteriorlimbofinternalcapsuleR",6.49476496310592
"micro_ADC_AnteriorlimbofinternalcapsuleL",-51.1552396384614
"micro_ADC_.PosteriorlimbofinternalcapsuleR",24.0033740492632
"micro_ADC_PosteriorlimbofinternalcapsuleL",-15.1235278545496
"micro_ADC_RetrolenticularpartofinternalcapsuleR",-10.9347394514859
"micro_ADC_RetrolenticularpartofinternalcapsuleL",22.8504301130152
"micro_ADC_AnteriorcoronaradiataR",-18.105100850018
"micro_ADC_AnteriorcoronaradiataL",26.6315365043236
"micro_ADC_SuperiorcoronaradiataR",27.948028594644
"micro_ADC_SuperiorcoronaradiataL",-14.3544284751857
"micro_ADC_PosteriorcoronaradiataR",5.70219487893106
"micro_ADC_PosteriorcoronaradiataL",-72.8078902841603
"micro_ADC_PosteriorthalamicradiationR",33.5692882739458
"micro_ADC_PosteriorthalamicradiationL",24.2776083237393
"micro_ADC_SagittalstratumR",-21.9032652196317
"micro_ADC_SagittalstratumL",38.222774311109
"micro_ADC_ExternalcapsuleR",-32.7730786062782
"micro_ADC_ExternalcapsuleL",-38.8722525681162
"micro_ADC_CingulumcingulategyrusR",-52.190529630478
"micro_ADC_CingulumcingulategyrusL",-35.9130706679532
"micro_ADC_CingulumhippocampusR",-6.32561540734175
"micro_ADC_CingulumhippocampusL",-2.47092119461334
"micro_ADC_Fornix_StriaterminalisR",-13.2522725443678
"micro_ADC_Fornix_StriaterminalisL",-7.11638374987476
"micro_ADC_SuperiorlongitudinalfasciculusR",-50.3182428385619
"micro_ADC_SuperiorlongitudinalfasciculusL",11.6935267255447
"micro_ADC_SuperiorfrontooccipitalfasciculusR",-1.77391813147418
"micro_ADC_SuperiorfrontooccipitalfasciculusL",2.87414666833604
"micro_ADC_UncinatefasciculusR",-9.02010069283099
"micro_ADC_UncinatefasciculusL",8.11054624451047
"micro_ADC_TapetumR",-21.5334514831548
"micro_ADC_TapetumL",-3.92806448516169
"micro_ADC_Mean",-34.938238509614
"micro_ADC_CINGL",-11.6209966138817
"micro_ADC_CINGR",27.0087861552936
"Dax_intra_ATRL",35.3671044473124
"Dax_intra_ATRR",-14.6512658026321
"Dax_intra_CSTL",11.2022155774303
"Dax_intra_CSTR",3.68023548364921
"Dax_intra_CGL",11.1037334278046
"Dax_intra_CGR",-19.6141129363449
"Dax_intra_FMAJ",-103.844432178082
"Dax_intra_FMIN",-31.7519624201248
"Dax_intra_IFOFL",-52.831694113203
"Dax_intra_IFOFR",54.3025017936047
"Dax_intra_ILFL",-34.9715853585716
"Dax_intra_ILFR",-2.32626813082897
"Dax_intra_SLFL",58.1717124242679
"Dax_intra_SLFR",-46.0553374706282
"Dax_intra_UFL",-24.748403115757
"Dax_intra_UFR",-24.0899607355588
"Dax_intra_SLFTL",-7.00411764272006
"Dax_intra_SLTFR",2.50013593042368
"Dax_intra_Middlecerebellarpeduncle",4.24166265567287
"Dax_intra_Pontine",1.77627138322379
"Dax_intra_GenuCC",48.415681506759
"Dax_intra_BodyCC",-33.882287059014
"Dax_intra_SpleniumCC",47.7525089296407
"Dax_intra_Fornix",1.09994060561077
"Dax_intra_CorticospinaltractR",-13.5326096121027
"Dax_intra_CorticospinaltractL",-3.59717195271613
"Dax_intra_MediallemniscusR",-0.890049712942061
"Dax_intra_MediallemniscusL",-3.98880822933977
"Dax_intra_InferiorcerebellarpeduncleR",-2.1190658036554
"Dax_intra_InferiorcerebellarpeduncleL",-19.2279853404748
"Dax_intra_SuperiorcerebellarpeduncleR",6.69033177583956
"Dax_intra_SuperiorcerebellarpeduncleL",12.1709524666539
"Dax_intra_CerebralpeduncleR",8.39674160199306
"Dax_intra_CerebralpeduncleL",-26.8444687824624
"Dax_intra_AnteriorlimbofinternalcapsuleR",-18.9006088186136
"Dax_intra_AnteriorlimbofinternalcapsuleL",-12.382559970091
"Dax_intra_.PosteriorlimbofinternalcapsuleR",117.050969113453
"Dax_intra_PosteriorlimbofinternalcapsuleL",-20.1775400543474
"Dax_intra_RetrolenticularpartofinternalcapsuleR",-59.3619387235144
"Dax_intra_RetrolenticularpartofinternalcapsuleL",66.2052766462664
"Dax_intra_AnteriorcoronaradiataR",17.1665471531838
"Dax_intra_AnteriorcoronaradiataL",19.3918874031251
"Dax_intra_SuperiorcoronaradiataR",-18.0821529851065
"Dax_intra_SuperiorcoronaradiataL",3.27547597784574
"Dax_intra_PosteriorcoronaradiataR",18.0623728702704
"Dax_intra_PosteriorcoronaradiataL",-33.4383608721159
"Dax_intra_PosteriorthalamicradiationR",18.710985162364
"Dax_intra_PosteriorthalamicradiationL",57.3683411284949
"Dax_intra_SagittalstratumR",4.24826817588112
"Dax_intra_SagittalstratumL",12.2360823597815
"Dax_intra_ExternalcapsuleR",-15.7036923613038
"Dax_intra_ExternalcapsuleL",5.87203218893655
"Dax_intra_CingulumcingulategyrusR",-18.6579606732739
"Dax_intra_CingulumcingulategyrusL",-11.6073264854448
"Dax_intra_CingulumhippocampusR",8.32681126996297
"Dax_intra_CingulumhippocampusL",-10.7458198903753
"Dax_intra_Fornix_StriaterminalisR",-2.92234476390359
"Dax_intra_Fornix_StriaterminalisL",14.3561357514663
"Dax_intra_SuperiorlongitudinalfasciculusR",-25.3562755493751
"Dax_intra_SuperiorlongitudinalfasciculusL",-17.3497807978194
"Dax_intra_SuperiorfrontooccipitalfasciculusR",6.46095262679632
"Dax_intra_SuperiorfrontooccipitalfasciculusL",-8.61053935095265
"Dax_intra_UncinatefasciculusR",21.8624904650614
"Dax_intra_UncinatefasciculusL",-10.1607781175347
"Dax_intra_TapetumR",1.55949593311236
"Dax_intra_TapetumL",-4.12343270910916
"Dax_intra_Mean",95.0304543501011
"Dax_intra_CINGL",-8.04793122956423
"Dax_intra_CINGR",13.7471634347357
"Dax_extra_ATRL",4.49674020703304
"Dax_extra_ATRR",170.898516246685
"Dax_extra_CSTL",56.8351484899962
"Dax_extra_CSTR",-114.343322761604
"Dax_extra_CGL",-40.0883735402618
"Dax_extra_CGR",7.84602455189071
"Dax_extra_FMAJ",100.930912544759
"Dax_extra_FMIN",-27.0246335802841
"Dax_extra_IFOFL",-3.31704431039267
"Dax_extra_IFOFR",-23.4094417129562
"Dax_extra_ILFL",23.9900435989938
"Dax_extra_ILFR",-87.551717372389
"Dax_extra_SLFL",-42.7385037171527
"Dax_extra_SLFR",-8.47458209403169
"Dax_extra_UFL",-21.8049285950694
"Dax_extra_UFR",22.8364553498184
"Dax_extra_SLFTL",-16.6595630642312
"Dax_extra_SLTFR",-2.51173827731538
"Dax_extra_Middlecerebellarpeduncle",-58.6546461922793
"Dax_extra_Pontine",-8.91034550924241
"Dax_extra_GenuCC",2.0039736776178
"Dax_extra_BodyCC",66.5590225287596
"Dax_extra_SpleniumCC",-80.4667729682061
"Dax_extra_Fornix",0.205133640924106
"Dax_extra_CorticospinaltractR",20.2076932522486
"Dax_extra_CorticospinaltractL",0.838937645849319
"Dax_extra_MediallemniscusR",-17.176278073949
"Dax_extra_MediallemniscusL",0.227947954140972
"Dax_extra_InferiorcerebellarpeduncleR",13.7906526509037
"Dax_extra_InferiorcerebellarpeduncleL",10.7628874252077
"Dax_extra_SuperiorcerebellarpeduncleR",8.36825844291527
"Dax_extra_SuperiorcerebellarpeduncleL",-41.5835808838731
"Dax_extra_CerebralpeduncleR",0.633313342943429
"Dax_extra_CerebralpeduncleL",1.20176001990896
"Dax_extra_AnteriorlimbofinternalcapsuleR",-45.0509941405396
"Dax_extra_AnteriorlimbofinternalcapsuleL",-12.8558204882604
"Dax_extra_.PosteriorlimbofinternalcapsuleR",-93.5435290519482
"Dax_extra_PosteriorlimbofinternalcapsuleL",27.3121474592702
"Dax_extra_RetrolenticularpartofinternalcapsuleR",40.6754342137401
"Dax_extra_RetrolenticularpartofinternalcapsuleL",19.9814118564848
"Dax_extra_AnteriorcoronaradiataR",-22.2650342319268
"Dax_extra_AnteriorcoronaradiataL",3.22357176988348
"Dax_extra_SuperiorcoronaradiataR",-7.7940192884378
"Dax_extra_SuperiorcoronaradiataL",26.4990771320613
"Dax_extra_PosteriorcoronaradiataR",19.9591343566119
"Dax_extra_PosteriorcoronaradiataL",39.7437006895072
"Dax_extra_PosteriorthalamicradiationR",9.65536870179007
"Dax_extra_PosteriorthalamicradiationL",-16.6400549567299
"Dax_extra_SagittalstratumR",18.2344128106513
"Dax_extra_SagittalstratumL",-8.46695014626427
"Dax_extra_ExternalcapsuleR",-5.66663066962795
"Dax_extra_ExternalcapsuleL",9.66005897898789
"Dax_extra_CingulumcingulategyrusR",-1.5479822828513
"Dax_extra_CingulumcingulategyrusL",26.0736851330038
"Dax_extra_CingulumhippocampusR",39.03524750419
"Dax_extra_CingulumhippocampusL",-3.64346750680504
"Dax_extra_Fornix_StriaterminalisR",-13.5396277424727
"Dax_extra_Fornix_StriaterminalisL",20.8140605391836
"Dax_extra_SuperiorlongitudinalfasciculusR",72.1499663022821
"Dax_extra_SuperiorlongitudinalfasciculusL",30.0028362005222
"Dax_extra_SuperiorfrontooccipitalfasciculusR",21.0865576171768
"Dax_extra_SuperiorfrontooccipitalfasciculusL",2.8641969124261
"Dax_extra_UncinatefasciculusR",-27.3945118349776
"Dax_extra_UncinatefasciculusL",27.9086927674089
"Dax_extra_TapetumR",-8.12356289853586
"Dax_extra_TapetumL",0.0654904609264547
"Dax_extra_Mean",-160.358044046638
"Dax_extra_CINGL",14.3615779484717
"Dax_extra_CINGR",-27.8579478405506
"mk_ATRL",57.8647746376848
"mk_ATRR",-1.43595238033049
"mk_CSTL",26.9170411280382
"mk_CSTR",-37.7370688632094
"mk_CGL",25.9965797382207
"mk_CGR",3.45032071754074
"mk_FMAJ",-34.3659085076392
"mk_FMIN",-12.5060689595934
"mk_IFOFL",61.6714295183288
"mk_IFOFR",10.0121548717282
"mk_ILFL",-11.1830866573482
"mk_ILFR",79.5866815272332
"mk_SLFL",-17.245004826026
"mk_SLFR",-3.31515896624783
"mk_UFL",-26.7442799442885
"mk_UFR",-29.80809259851
"mk_SLFTL",-1.46365787862666
"mk_SLTFR",-3.85359273348904
"mk_Middlecerebellarpeduncle",9.14763249200741
"mk_Pontine",-10.5697171045742
"mk_GenuCC",8.21886157731839
"mk_BodyCC",-5.25800610659463
"mk_SpleniumCC",6.71626035814852
"mk_Fornix",21.1760066778815
"mk_CorticospinaltractR",-2.97485632736684
"mk_CorticospinaltractL",-7.5424496280101
"mk_MediallemniscusR",20.7277784282786
"mk_MediallemniscusL",7.23541189758334
"mk_InferiorcerebellarpeduncleR",-6.93856739810871
"mk_InferiorcerebellarpeduncleL",-2.60131557167105
"mk_SuperiorcerebellarpeduncleR",-1.83831417652643
"mk_SuperiorcerebellarpeduncleL",0.356388930733276
"mk_CerebralpeduncleR",17.9050632957983
"mk_CerebralpeduncleL",11.2721336064952
"mk_AnteriorlimbofinternalcapsuleR",-13.5023151783615
"mk_AnteriorlimbofinternalcapsuleL",7.09669122056923
"mk_.PosteriorlimbofinternalcapsuleR",21.4606420778216
"mk_PosteriorlimbofinternalcapsuleL",6.83340775707659
"mk_RetrolenticularpartofinternalcapsuleR",-4.86093697467406
"mk_RetrolenticularpartofinternalcapsuleL",-39.5609624899326
"mk_AnteriorcoronaradiataR",18.8487520303017
"mk_AnteriorcoronaradiataL",-8.33218326869171
"mk_SuperiorcoronaradiataR",30.7912300948353
"mk_SuperiorcoronaradiataL",-18.334919422163
"mk_PosteriorcoronaradiataR",9.15707455962909
"mk_PosteriorcoronaradiataL",-31.4897139887009
"mk_PosteriorthalamicradiationR",4.48801059208469
"mk_PosteriorthalamicradiationL",22.4565743276436
"mk_SagittalstratumR",-20.4543766408424
"mk_SagittalstratumL",-6.10627255371503
"mk_ExternalcapsuleR",13.3667182931074
"mk_ExternalcapsuleL",21.4554692910071
"mk_CingulumcingulategyrusR",0.268515088407159
"mk_CingulumcingulategyrusL",1.73908073464651
"mk_CingulumhippocampusR",-8.84832392556954
"mk_CingulumhippocampusL",12.7275566497489
"mk_Fornix_StriaterminalisR",7.61568675426534
"mk_Fornix_StriaterminalisL",2.61395265144606
"mk_SuperiorlongitudinalfasciculusR",0.583736840899288
"mk_SuperiorlongitudinalfasciculusL",15.001464794401
"mk_SuperiorfrontooccipitalfasciculusR",-3.29980389060486
"mk_SuperiorfrontooccipitalfasciculusL",-6.23664752201812
"mk_UncinatefasciculusR",0.762239503763231
"mk_UncinatefasciculusL",3.51146960075059
"mk_TapetumR",-6.16819843342605
"mk_TapetumL",2.22315382510655
"mk_Mean",-9.86138078843073
"mk_CINGL",-27.4342040490401
"mk_CINGR",26.5958887504779
"rk_ATRL",-3.60185398496658
"rk_ATRR",10.6674947799633
"rk_CSTL",4.7116883888842
"rk_CSTR",14.4491520175761
"rk_CGL",2.9217797591179
"rk_CGR",9.4824521456064
"rk_FMAJ",16.0591156261496
"rk_FMIN",-2.70753320239792
"rk_IFOFL",2.09526012229077
"rk_IFOFR",2.60045083429823
"rk_ILFL",17.3447345782656
"rk_ILFR",-1.65180620657061
"rk_SLFL",28.7606581861191
"rk_SLFR",9.98606965175565
"rk_UFL",4.59036973736466
"rk_UFR",-4.45448296981421
"rk_SLFTL",1.56976041989193
"rk_SLTFR",0.663262859617284
"rk_Middlecerebellarpeduncle",5.21500816634654
"rk_Pontine",-0.757989570703894
"rk_GenuCC",1.56409575634094
"rk_BodyCC",7.18288649164092
"rk_SpleniumCC",-2.34335875359275
"rk_Fornix",-0.994768093078788
"rk_CorticospinaltractR",0.539680065738719
"rk_CorticospinaltractL",1.45459648149836
"rk_MediallemniscusR",-3.40261020710677
"rk_MediallemniscusL",-0.860048760064791
"rk_InferiorcerebellarpeduncleR",-0.0778881668744028
"rk_InferiorcerebellarpeduncleL",0.00827598366368388
"rk_SuperiorcerebellarpeduncleR",0.11949445800315
"rk_SuperiorcerebellarpeduncleL",-0.590155574939742
"rk_CerebralpeduncleR",-3.06009334377186
"rk_CerebralpeduncleL",-2.25746737359549
"rk_AnteriorlimbofinternalcapsuleR",-3.63001821296141
"rk_AnteriorlimbofinternalcapsuleL",-3.19915177117337
"rk_.PosteriorlimbofinternalcapsuleR",-8.27810649161756
"rk_PosteriorlimbofinternalcapsuleL",-2.5559439709353
"rk_RetrolenticularpartofinternalcapsuleR",1.67007109871949
"rk_RetrolenticularpartofinternalcapsuleL",0.793805811623435
"rk_AnteriorcoronaradiataR",2.2940714707804
"rk_AnteriorcoronaradiataL",-10.1544658626348
"rk_SuperiorcoronaradiataR",-0.179046847037642
"rk_SuperiorcoronaradiataL",0.508639762195399
"rk_PosteriorcoronaradiataR",-6.42045785012094
"rk_PosteriorcoronaradiataL",3.41593787827108
"rk_PosteriorthalamicradiationR",-0.727415752517638
"rk_PosteriorthalamicradiationL",-7.06053606956334
"rk_SagittalstratumR",4.70101922184355
"rk_SagittalstratumL",-1.82060071592237
"rk_ExternalcapsuleR",-4.92450715646166
"rk_ExternalcapsuleL",-15.8120360803783
"rk_CingulumcingulategyrusR",-5.84979752690157
"rk_CingulumcingulategyrusL",-2.19394111649579
"rk_CingulumhippocampusR",-2.03271333960436
"rk_CingulumhippocampusL",-5.14774811382663
"rk_Fornix_StriaterminalisR",-1.43890069951577
"rk_Fornix_StriaterminalisL",-3.31959324061766
"rk_SuperiorlongitudinalfasciculusR",2.63021271295452
"rk_SuperiorlongitudinalfasciculusL",-2.58569215811722
"rk_SuperiorfrontooccipitalfasciculusR",1.29133875398927
"rk_SuperiorfrontooccipitalfasciculusL",0.812345596271444
"rk_UncinatefasciculusR",-2.66324450371099
"rk_UncinatefasciculusL",-0.261276520065056
"rk_TapetumR",1.0500805796521
"rk_TapetumL",0.746707433484063
"rk_Mean",-117.301227157174
"rk_CINGL",5.5426075957318
"rk_CINGR",-2.38302446923871
"ak_ATRL",-3.23064317304693
"ak_ATRR",-10.9244390112981
"ak_CSTL",-15.2810341127829
"ak_CSTR",-20.4032288403762
"ak_CGL",2.58831672027582
"ak_CGR",1.29507518970007
"ak_FMAJ",26.2791210883105
"ak_FMIN",-24.1140847062119
"ak_IFOFL",-1.62904487089993
"ak_IFOFR",-1.13198119415451
"ak_ILFL",-0.605408665537276
"ak_ILFR",3.05361735374665
"ak_SLFL",-10.6120602730735
"ak_SLFR",-4.16852180475806
"ak_UFL",0.892017099466919
"ak_UFR",0.8386922814377
"ak_SLFTL",-1.21457871770775
"ak_SLTFR",-6.61641858494982
"ak_Middlecerebellarpeduncle",0.475498500977393
"ak_Pontine",3.28526644973723
"ak_GenuCC",-4.50285363827334
"ak_BodyCC",-7.7798995768686
"ak_SpleniumCC",-13.5370501140156
"ak_Fornix",9.69592851830778
"ak_CorticospinaltractR",-2.21977595440889
"ak_CorticospinaltractL",-0.84781996104206
"ak_MediallemniscusR",1.26911079642221
"ak_MediallemniscusL",-0.941701173849248
"ak_InferiorcerebellarpeduncleR",3.46861936318173
"ak_InferiorcerebellarpeduncleL",3.03706750801522
"ak_SuperiorcerebellarpeduncleR",-6.72418011963789
"ak_SuperiorcerebellarpeduncleL",-4.53656568898483
"ak_CerebralpeduncleR",-1.85691147596087
"ak_CerebralpeduncleL",1.34527039526595
"ak_AnteriorlimbofinternalcapsuleR",-19.8454789966545
"ak_AnteriorlimbofinternalcapsuleL",-11.3185060820346
"ak_.PosteriorlimbofinternalcapsuleR",-2.80716892578276
"ak_PosteriorlimbofinternalcapsuleL",-8.02187669564975
"ak_RetrolenticularpartofinternalcapsuleR",4.12739254976229
"ak_RetrolenticularpartofinternalcapsuleL",-1.53810912159875
"ak_AnteriorcoronaradiataR",-8.96593046454904
"ak_AnteriorcoronaradiataL",4.40402542973264
"ak_SuperiorcoronaradiataR",7.72798667836909
"ak_SuperiorcoronaradiataL",5.1107163792742
"ak_PosteriorcoronaradiataR",1.43093049926253
"ak_PosteriorcoronaradiataL",5.81330663501142
"ak_PosteriorthalamicradiationR",-7.96590312490084
"ak_PosteriorthalamicradiationL",-3.9898297046377
"ak_SagittalstratumR",2.76838524299419
"ak_SagittalstratumL",-3.7216596431986
"ak_ExternalcapsuleR",-5.94720473475346
"ak_ExternalcapsuleL",-4.39813303014234
"ak_CingulumcingulategyrusR",-1.45923655453018
"ak_CingulumcingulategyrusL",-5.21578722015529
"ak_CingulumhippocampusR",-2.12223852339728
"ak_CingulumhippocampusL",-4.46475919158174
"ak_Fornix_StriaterminalisR",-0.390540753021458
"ak_Fornix_StriaterminalisL",-0.0416365549038533
"ak_SuperiorlongitudinalfasciculusR",-3.58754348150512
"ak_SuperiorlongitudinalfasciculusL",0.325646678940444
"ak_SuperiorfrontooccipitalfasciculusR",-1.66999855221345
"ak_SuperiorfrontooccipitalfasciculusL",-1.22535796352273
"ak_UncinatefasciculusR",-1.9475709320548
"ak_UncinatefasciculusL",-2.76844286451083
"ak_TapetumR",-0.964831997589592
"ak_TapetumL",0.541649010968658
"ak_Mean",-71.191960499567
"ak_CINGL",9.5764635237782
"ak_CINGR",3.54029680790877
"FA_ATRL",130.107377862991
"FA_ATRR",49.3227404878979
"FA_CSTL",31.0082081108908
"FA_CSTR",59.0553578974881
"FA_CGL",1.49164483645542
"FA_CGR",29.0842715391569
"FA_FMAJ",-3.12070287669293
"FA_FMIN",-135.131015505556
"FA_IFOFL",-9.3601098658453
"FA_IFOFR",30.2789089361237
"FA_ILFL",12.5661810613123
"FA_ILFR",-7.6760683722412
"FA_SLFL",-3.45966826795928
"FA_SLFR",4.3557491732458
"FA_UFL",-42.2750361931336
"FA_UFR",-36.6593270014117
"FA_SLFTL",-8.89970669954122
"FA_SLTFR",27.6570126577511
"FA_Middlecerebellarpeduncle",-26.5208703383705
"FA_Pontine",-11.1470649940684
"FA_GenuCC",34.7099035955681
"FA_BodyCC",-34.2822117924381
"FA_SpleniumCC",-20.74210019039
"FA_Fornix",2.9189252406477
"FA_CorticospinaltractR",-2.52882587422157
"FA_CorticospinaltractL",-14.0824298697328
"FA_MediallemniscusR",4.22113106049266
"FA_MediallemniscusL",-4.89036999420811
"FA_InferiorcerebellarpeduncleR",-0.297335130603529
"FA_InferiorcerebellarpeduncleL",1.41924351144619
"FA_SuperiorcerebellarpeduncleR",25.7775639703857
"FA_SuperiorcerebellarpeduncleL",10.923377429102
"FA_CerebralpeduncleR",-16.1571786791251
"FA_CerebralpeduncleL",-12.0744808816396
"FA_AnteriorlimbofinternalcapsuleR",-26.3219237315781
"FA_AnteriorlimbofinternalcapsuleL",-25.2987179369624
"FA_.PosteriorlimbofinternalcapsuleR",-40.3293947705086
"FA_PosteriorlimbofinternalcapsuleL",-3.40819143312314
"FA_RetrolenticularpartofinternalcapsuleR",-24.742685353273
"FA_RetrolenticularpartofinternalcapsuleL",8.75224779862979
"FA_AnteriorcoronaradiataR",11.5779010406322
"FA_AnteriorcoronaradiataL",-40.2541312916578
"FA_SuperiorcoronaradiataR",-27.7611990085277
"FA_SuperiorcoronaradiataL",-33.1574632170412
"FA_PosteriorcoronaradiataR",-18.5779350926183
"FA_PosteriorcoronaradiataL",-7.52659130742622
"FA_PosteriorthalamicradiationR",27.4128977606796
"FA_PosteriorthalamicradiationL",21.8125413980935
"FA_SagittalstratumR",-13.5585346575546
"FA_SagittalstratumL",-5.36534552811253
"FA_ExternalcapsuleR",-15.1074732931654
"FA_ExternalcapsuleL",-17.9828465036158
"FA_CingulumcingulategyrusR",23.4281643540541
"FA_CingulumcingulategyrusL",7.63048519876456
"FA_CingulumhippocampusR",-37.2406206523192
"FA_CingulumhippocampusL",-3.78228620408933
"FA_Fornix_StriaterminalisR",1.23194460129401
"FA_Fornix_StriaterminalisL",22.0479899143982
"FA_SuperiorlongitudinalfasciculusR",-4.37494115424393
"FA_SuperiorlongitudinalfasciculusL",-3.38390127997864
"FA_SuperiorfrontooccipitalfasciculusR",7.87623239999322
"FA_SuperiorfrontooccipitalfasciculusL",3.51117159952406
"FA_UncinatefasciculusR",-1.16597918331957
"FA_UncinatefasciculusL",19.4593304993651
"FA_TapetumR",-1.11247958626159
"FA_TapetumL",-4.42375983714773
"FA_Mean",445.118449427415
"FA_CINGL",15.1843010707557
"FA_CINGR",51.5526714470296
"MD_ATRL",-335.366453443219
"MD_ATRR",659.737162388239
"MD_CSTL",164.909627963872
"MD_CSTR",45.2575562538583
"MD_CGL",1032.8995925388
"MD_CGR",-91.3462102959289
"MD_FMAJ",-203.419446045234
"MD_FMIN",-202.225160438906
"MD_IFOFL",512.56529316315
"MD_IFOFR",-1101.69240914621
"MD_ILFL",186.192207873216
"MD_ILFR",83.0008469504068
"MD_SLFL",563.701023334051
"MD_SLFR",65.8698719141478
"MD_UFL",-113.918235964355
"MD_UFR",-108.918637483431
"MD_SLFTL",-207.573895909739
"MD_SLTFR",106.435422347208
"MD_Middlecerebellarpeduncle",-379.484520770079
"MD_Pontine",-4.40115506450961
"MD_GenuCC",-342.945412179794
"MD_BodyCC",-25.3561367298693
"MD_SpleniumCC",-79.7734146563282
"MD_Fornix",-42.3110335501977
"MD_CorticospinaltractR",68.1110249982113
"MD_CorticospinaltractL",-84.199890013492
"MD_MediallemniscusR",-55.1871478959288
"MD_MediallemniscusL",63.244674591532
"MD_InferiorcerebellarpeduncleR",-28.0714050927915
"MD_InferiorcerebellarpeduncleL",21.2760769624766
"MD_SuperiorcerebellarpeduncleR",-13.9542244534197
"MD_SuperiorcerebellarpeduncleL",47.1535903115961
"MD_CerebralpeduncleR",-49.1120342762853
"MD_CerebralpeduncleL",-3.06727711995926
"MD_AnteriorlimbofinternalcapsuleR",-227.810936512338
"MD_AnteriorlimbofinternalcapsuleL",177.921443543356
"MD_.PosteriorlimbofinternalcapsuleR",-291.533256333048
"MD_PosteriorlimbofinternalcapsuleL",332.793114781193
"MD_RetrolenticularpartofinternalcapsuleR",233.25122329148
"MD_RetrolenticularpartofinternalcapsuleL",-127.127801464184
"MD_AnteriorcoronaradiataR",704.154695237095
"MD_AnteriorcoronaradiataL",-370.397404541452
"MD_SuperiorcoronaradiataR",-283.779759932861
"MD_SuperiorcoronaradiataL",56.6598598273476
"MD_PosteriorcoronaradiataR",260.009789266009
"MD_PosteriorcoronaradiataL",-346.09818622943
"MD_PosteriorthalamicradiationR",646.260694394259
"MD_PosteriorthalamicradiationL",-330.175941963791
"MD_SagittalstratumR",-114.489742470262
"MD_SagittalstratumL",-195.285038472756
"MD_ExternalcapsuleR",158.452672114074
"MD_ExternalcapsuleL",-40.9193212853124
"MD_CingulumcingulategyrusR",-52.715837355432
"MD_CingulumcingulategyrusL",-84.8272321634994
"MD_CingulumhippocampusR",-83.8851847568333
"MD_CingulumhippocampusL",101.722821737227
"MD_Fornix_StriaterminalisR",43.6785358204313
"MD_Fornix_StriaterminalisL",95.1157107458059
"MD_SuperiorlongitudinalfasciculusR",-608.38948719386
"MD_SuperiorlongitudinalfasciculusL",-169.463040742942
"MD_SuperiorfrontooccipitalfasciculusR",-69.9326933467101
"MD_SuperiorfrontooccipitalfasciculusL",-75.5906338687925
"MD_UncinatefasciculusR",-41.0755743445238
"MD_UncinatefasciculusL",22.9140481277914
"MD_TapetumR",-70.1454119102232
"MD_TapetumL",14.8429883911784
"MD_Mean",681.427305297827
"MD_CINGL",-96.8134310734272
"MD_CINGR",265.51283943302
"RD_ATRL",187.855112616299
"RD_ATRR",-454.132200149794
"RD_CSTL",-16.1098091521026
"RD_CSTR",28.4362918294067
"RD_CGL",-644.08764783614
"RD_CGR",47.6615923615358
"RD_FMAJ",142.231975295387
"RD_FMIN",188.032976892367
"RD_IFOFL",-395.249814013328
"RD_IFOFR",660.446634088733
"RD_ILFL",-48.5181230738518
"RD_ILFR",-49.0589713453219
"RD_SLFL",-313.239957453499
"RD_SLFR",-174.43117643893
"RD_UFL",40.0576921820434
"RD_UFR",-11.639885653291
"RD_SLFTL",182.488914128259
"RD_SLTFR",-25.4358946124896
"RD_Middlecerebellarpeduncle",253.279132785856
"RD_Pontine",-2.0220268865251
"RD_GenuCC",184.523477620094
"RD_BodyCC",-1.8763917361067
"RD_SpleniumCC",76.932740091628
"RD_Fornix",26.1622496038382
"RD_CorticospinaltractR",-45.0144113256797
"RD_CorticospinaltractL",42.3266461244324
"RD_MediallemniscusR",19.0932021102949
"RD_MediallemniscusL",-37.2773184153502
"RD_InferiorcerebellarpeduncleR",22.9398916518051
"RD_InferiorcerebellarpeduncleL",-14.6684109765212
"RD_SuperiorcerebellarpeduncleR",36.0405096817958
"RD_SuperiorcerebellarpeduncleL",-30.8315181585174
"RD_CerebralpeduncleR",17.3003179884391
"RD_CerebralpeduncleL",-9.94476164337432
"RD_AnteriorlimbofinternalcapsuleR",138.771421284826
"RD_AnteriorlimbofinternalcapsuleL",-117.37468947351
"RD_.PosteriorlimbofinternalcapsuleR",176.279554153746
"RD_PosteriorlimbofinternalcapsuleL",-187.307407052266
"RD_RetrolenticularpartofinternalcapsuleR",-158.162264645198
"RD_RetrolenticularpartofinternalcapsuleL",47.6401374758109
"RD_AnteriorcoronaradiataR",-456.099257599229
"RD_AnteriorcoronaradiataL",106.574445056773
"RD_SuperiorcoronaradiataR",202.044640979412
"RD_SuperiorcoronaradiataL",-91.0683196839873
"RD_PosteriorcoronaradiataR",-196.209561018402
"RD_PosteriorcoronaradiataL",247.811219010263
"RD_PosteriorthalamicradiationR",-407.633592577257
"RD_PosteriorthalamicradiationL",213.963031097239
"RD_SagittalstratumR",77.5835013550663
"RD_SagittalstratumL",125.106059436798
"RD_ExternalcapsuleR",-83.6898955065948
"RD_ExternalcapsuleL",2.27630492826788
"RD_CingulumcingulategyrusR",49.4516180950829
"RD_CingulumcingulategyrusL",35.9058682933616
"RD_CingulumhippocampusR",46.5417775414929
"RD_CingulumhippocampusL",-70.3671778466347
"RD_Fornix_StriaterminalisR",-1.13383987674524
"RD_Fornix_StriaterminalisL",-33.1454929489282
"RD_SuperiorlongitudinalfasciculusR",448.278439552175
"RD_SuperiorlongitudinalfasciculusL",77.9917638266605
"RD_SuperiorfrontooccipitalfasciculusR",24.6961364115384
"RD_SuperiorfrontooccipitalfasciculusL",56.2770377920138
"RD_UncinatefasciculusR",26.7220995163459
"RD_UncinatefasciculusL",19.3501982695623
"RD_TapetumR",50.882746165282
"RD_TapetumL",-8.04290422807844
"RD_Mean",-113.121367715421
"RD_CINGL",79.7915020150211
"RD_CINGR",-188.718702953799
"AD_ATRL",20.4055116557902
"AD_ATRR",-230.637117917073
"AD_CSTL",-34.1916869337634
"AD_CSTR",-52.1026799751198
"AD_CGL",-360.897499183971
"AD_CGR",-20.1679599592073
"AD_FMAJ",76.2655115052941
"AD_FMIN",99.0550489919532
"AD_IFOFL",-197.293953651212
"AD_IFOFR",368.716819999286
"AD_ILFL",-58.1935176580303
"AD_ILFR",-34.4200519036169
"AD_SLFL",-207.961260713455
"AD_SLFR",-109.684836015703
"AD_UFL",79.5986152852873
"AD_UFR",49.1906126134821
"AD_SLFTL",76.9754759716606
"AD_SLTFR",-38.3437389245641
"AD_Middlecerebellarpeduncle",126.94793991814
"AD_Pontine",7.5917118720123
"AD_GenuCC",97.3696726216369
"AD_BodyCC",17.3641762672368
"AD_SpleniumCC",35.6523566434638
"AD_Fornix",14.9947389358452
"AD_CorticospinaltractR",-22.2080266261299
"AD_CorticospinaltractL",29.0553303592526
"AD_MediallemniscusR",14.3073310251533
"AD_MediallemniscusL",-15.5331725762938
"AD_InferiorcerebellarpeduncleR",11.012009730884
"AD_InferiorcerebellarpeduncleL",-10.4126225892132
"AD_SuperiorcerebellarpeduncleR",-2.08523060936773
"AD_SuperiorcerebellarpeduncleL",-17.6264067932354
"AD_CerebralpeduncleR",23.4971291471258
"AD_CerebralpeduncleL",-4.72424974275459
"AD_AnteriorlimbofinternalcapsuleR",79.4113149354163
"AD_AnteriorlimbofinternalcapsuleL",-35.2136724611169
"AD_.PosteriorlimbofinternalcapsuleR",106.558393964048
"AD_PosteriorlimbofinternalcapsuleL",-95.8633521285699
"AD_RetrolenticularpartofinternalcapsuleR",-71.1566982249452
"AD_RetrolenticularpartofinternalcapsuleL",30.7607379468995
"AD_AnteriorcoronaradiataR",-239.957821458867
"AD_AnteriorcoronaradiataL",131.771265966303
"AD_SuperiorcoronaradiataR",100.759971857889
"AD_SuperiorcoronaradiataL",-15.6939828040434
"AD_PosteriorcoronaradiataR",-81.2107330106312
"AD_PosteriorcoronaradiataL",136.363913396397
"AD_PosteriorthalamicradiationR",-215.918434674353
"AD_PosteriorthalamicradiationL",107.105365101798
"AD_SagittalstratumR",45.8883304845152
"AD_SagittalstratumL",66.5896897325714
"AD_ExternalcapsuleR",-59.2311607741506
"AD_ExternalcapsuleL",30.1818226642136
"AD_CingulumcingulategyrusR",44.6173990553226
"AD_CingulumcingulategyrusL",28.4777786909381
"AD_CingulumhippocampusR",43.7987200391034
"AD_CingulumhippocampusL",-34.2289691221509
"AD_Fornix_StriaterminalisR",-14.6736908948643
"AD_Fornix_StriaterminalisL",-38.8419732939749
"AD_SuperiorlongitudinalfasciculusR",217.444841301542
"AD_SuperiorlongitudinalfasciculusL",47.9470418211792
"AD_SuperiorfrontooccipitalfasciculusR",19.1486685320368
"AD_SuperiorfrontooccipitalfasciculusL",27.6736759935318
"AD_UncinatefasciculusR",14.8913696727572
"AD_UncinatefasciculusL",-16.6059462796847
"AD_TapetumR",26.0467172729665
"AD_TapetumL",-4.07955561060089
"AD_Mean",-280.781720788768
"AD_CINGL",29.3933559200741
"AD_CINGR",-116.492077032743
"smt_fa_ATRL",-129.259747881898
"smt_fa_ATRR",135.977587746339
"smt_fa_CSTL",-248.617615871707
"smt_fa_CSTR",137.415760541819
"smt_fa_CGL",54.8064633842358
"smt_fa_CGR",29.2314754849896
"smt_fa_FMAJ",-283.185231317584
"smt_fa_FMIN",96.5373332099815
"smt_fa_IFOFL",59.5081893079745
"smt_fa_IFOFR",-85.950717330717
"smt_fa_ILFL",163.656388888159
"smt_fa_ILFR",-56.9438379151085
"smt_fa_SLFL",-127.646860779726
"smt_fa_SLFR",-134.822345563822
"smt_fa_UFL",-22.0515869116487
"smt_fa_UFR",54.5857332817402
"smt_fa_SLFTL",28.8232253077257
"smt_fa_SLTFR",35.6523701296495
"smt_fa_Middlecerebellarpeduncle",-111.361771714876
"smt_fa_Pontine",-18.6015495615614
"smt_fa_GenuCC",-45.4087260363026
"smt_fa_BodyCC",341.702783124962
"smt_fa_SpleniumCC",125.129400978874
"smt_fa_Fornix",-9.82021178486417
"smt_fa_CorticospinaltractR",-4.40729924069599
"smt_fa_CorticospinaltractL",14.5262422310307
"smt_fa_MediallemniscusR",-34.0930208406554
"smt_fa_MediallemniscusL",32.7980310873583
"smt_fa_InferiorcerebellarpeduncleR",56.9286414676064
"smt_fa_InferiorcerebellarpeduncleL",5.1126170593813
"smt_fa_SuperiorcerebellarpeduncleR",15.2243185537501
"smt_fa_SuperiorcerebellarpeduncleL",-35.8696195620341
"smt_fa_CerebralpeduncleR",-34.26657817354
"smt_fa_CerebralpeduncleL",48.8155943137545
"smt_fa_AnteriorlimbofinternalcapsuleR",-26.5230964799286
"smt_fa_AnteriorlimbofinternalcapsuleL",15.6019692393263
"smt_fa_.PosteriorlimbofinternalcapsuleR",8.87261676826058
"smt_fa_PosteriorlimbofinternalcapsuleL",63.3962907142378
"smt_fa_RetrolenticularpartofinternalcapsuleR",74.982169510492
"smt_fa_RetrolenticularpartofinternalcapsuleL",-130.280188318289
"smt_fa_AnteriorcoronaradiataR",-162.567644544149
"smt_fa_AnteriorcoronaradiataL",71.3306295534379
"smt_fa_SuperiorcoronaradiataR",120.663798007322
"smt_fa_SuperiorcoronaradiataL",-13.5245974930193
"smt_fa_PosteriorcoronaradiataR",-112.738372131431
"smt_fa_PosteriorcoronaradiataL",-75.5542665440916
"smt_fa_PosteriorthalamicradiationR",26.724173557106
"smt_fa_PosteriorthalamicradiationL",-202.535835201804
"smt_fa_SagittalstratumR",47.4177317490457
"smt_fa_SagittalstratumL",-51.8421448148159
"smt_fa_ExternalcapsuleR",-13.8491398269466
"smt_fa_ExternalcapsuleL",16.8154534495008
"smt_fa_CingulumcingulategyrusR",98.611214470037
"smt_fa_CingulumcingulategyrusL",-25.7664973447835
"smt_fa_CingulumhippocampusR",47.7285247995484
"smt_fa_CingulumhippocampusL",44.4781222170079
"smt_fa_Fornix_StriaterminalisR",16.4567474571074
"smt_fa_Fornix_StriaterminalisL",12.1290650910049
"smt_fa_SuperiorlongitudinalfasciculusR",37.0411776032783
"smt_fa_SuperiorlongitudinalfasciculusL",10.5990500166065
"smt_fa_SuperiorfrontooccipitalfasciculusR",-6.77851354947062
"smt_fa_SuperiorfrontooccipitalfasciculusL",33.2295471260267
"smt_fa_UncinatefasciculusR",14.3196636790862
"smt_fa_UncinatefasciculusL",-7.79207886355885
"smt_fa_TapetumR",15.9161169426681
"smt_fa_TapetumL",15.3340531968012
"smt_fa_Mean",-71.1091022308141
"smt_fa_CINGL",-52.0400622932709
"smt_fa_CINGR",-35.2440370065398
"smt_long_ATRL",34611.1713397808
"smt_long_ATRR",-34922.5210054016
"smt_long_CSTL",-28519.5181652496
"smt_long_CSTR",-15727.567985278
"smt_long_CGL",-8212.84956372553
"smt_long_CGR",-23963.3286236927
"smt_long_FMAJ",491.283753952201
"smt_long_FMIN",32914.8143927001
"smt_long_IFOFL",7723.26420808393
"smt_long_IFOFR",36600.7723867546
"smt_long_ILFL",5280.37548576935
"smt_long_ILFR",-9671.3786282575
"smt_long_SLFL",36444.6290441919
"smt_long_SLFR",32646.5832542314
"smt_long_UFL",31816.9972113554
"smt_long_UFR",-23006.0440683456
"smt_long_SLFTL",5549.24921623165
"smt_long_SLTFR",12024.3682286752
"smt_long_Middlecerebellarpeduncle",49270.1362883706
"smt_long_Pontine",-23986.8964257924
"smt_long_GenuCC",-618.342850203634
"smt_long_BodyCC",-17903.8251527138
"smt_long_SpleniumCC",-3496.11820532076
"smt_long_Fornix",10328.6158015797
"smt_long_CorticospinaltractR",20467.9842619437
"smt_long_CorticospinaltractL",-22553.1936805395
"smt_long_MediallemniscusR",30550.5379849051
"smt_long_MediallemniscusL",22538.5847372415
"smt_long_InferiorcerebellarpeduncleR",9486.51107913918
"smt_long_InferiorcerebellarpeduncleL",-19820.1631993486
"smt_long_SuperiorcerebellarpeduncleR",1510.22995469979
"smt_long_SuperiorcerebellarpeduncleL",22866.5716547083
"smt_long_CerebralpeduncleR",6302.46301110541
"smt_long_CerebralpeduncleL",47706.4084404409
"smt_long_AnteriorlimbofinternalcapsuleR",2563.13180605161
"smt_long_AnteriorlimbofinternalcapsuleL",34914.2830363773
"smt_long_.PosteriorlimbofinternalcapsuleR",56217.5195254073
"smt_long_PosteriorlimbofinternalcapsuleL",-20636.5324682401
"smt_long_RetrolenticularpartofinternalcapsuleR",-5073.81310455606
"smt_long_RetrolenticularpartofinternalcapsuleL",-7474.80988839722
"smt_long_AnteriorcoronaradiataR",21889.0513119206
"smt_long_AnteriorcoronaradiataL",-19308.5255289975
"smt_long_SuperiorcoronaradiataR",-13398.6940272042
"smt_long_SuperiorcoronaradiataL",-36456.2364932689
"smt_long_PosteriorcoronaradiataR",-4296.45855130059
"smt_long_PosteriorcoronaradiataL",45539.5874648306
"smt_long_PosteriorthalamicradiationR",-27587.0516033411
"smt_long_PosteriorthalamicradiationL",14883.6014168225
"smt_long_SagittalstratumR",-3524.62974953484
"smt_long_SagittalstratumL",2914.00811112184
"smt_long_ExternalcapsuleR",5618.91595138775
"smt_long_ExternalcapsuleL",-10661.3165271629
"smt_long_CingulumcingulategyrusR",-31863.7289132084
"smt_long_CingulumcingulategyrusL",-17319.8114473759
"smt_long_CingulumhippocampusR",-5352.21545144296
"smt_long_CingulumhippocampusL",-57224.3918617817
"smt_long_Fornix_StriaterminalisR",5772.93587118551
"smt_long_Fornix_StriaterminalisL",23919.9990471708
"smt_long_SuperiorlongitudinalfasciculusR",8966.81602728485
"smt_long_SuperiorlongitudinalfasciculusL",-25883.1450376058
"smt_long_SuperiorfrontooccipitalfasciculusR",-6672.39261082982
"smt_long_SuperiorfrontooccipitalfasciculusL",28127.1693077776
"smt_long_UncinatefasciculusR",-478.335135748251
"smt_long_UncinatefasciculusL",-5356.26779232153
"smt_long_TapetumR",16086.1444799381
"smt_long_TapetumL",7288.72718714441
"smt_long_Mean",99057.7609236622
"smt_long_CINGL",23952.6591732277
"smt_long_CINGR",-13535.4120246644
"smt_md_ATRL",-94171.3510224591
"smt_md_ATRR",56571.123985838
"smt_md_CSTL",-42551.1873677426
"smt_md_CSTR",12168.0269393293
"smt_md_CGL",60213.3762221785
"smt_md_CGR",77420.6909038151
"smt_md_FMAJ",11417.2382076196
"smt_md_FMIN",-146254.647210888
"smt_md_IFOFL",-7903.30878796098
"smt_md_IFOFR",-88416.0203864648
"smt_md_ILFL",-25488.2380361562
"smt_md_ILFR",48980.6719227837
"smt_md_SLFL",-102530.12121158
"smt_md_SLFR",-33095.8535679435
"smt_md_UFL",-55588.5602815064
"smt_md_UFR",65584.7678766037
"smt_md_SLFTL",-7476.47069580249
"smt_md_SLTFR",-62809.0127401476
"smt_md_Middlecerebellarpeduncle",-73.8345930370412
"smt_md_Pontine",72363.3133774298
"smt_md_GenuCC",-182.342669654398
"smt_md_BodyCC",25032.4923678801
"smt_md_SpleniumCC",11305.3192684
"smt_md_Fornix",-28734.2847696148
"smt_md_CorticospinaltractR",-53778.507089082
"smt_md_CorticospinaltractL",73653.9036975466
"smt_md_MediallemniscusR",-86387.2656217397
"smt_md_MediallemniscusL",-63494.1410877954
"smt_md_InferiorcerebellarpeduncleR",-26608.0831523372
"smt_md_InferiorcerebellarpeduncleL",45554.5683957713
"smt_md_SuperiorcerebellarpeduncleR",-4461.34751273747
"smt_md_SuperiorcerebellarpeduncleL",-63905.4378826577
"smt_md_CerebralpeduncleR",-27572.2088541705
"smt_md_CerebralpeduncleL",-140942.031537328
"smt_md_AnteriorlimbofinternalcapsuleR",17532.7681628591
"smt_md_AnteriorlimbofinternalcapsuleL",-93597.061571756
"smt_md_.PosteriorlimbofinternalcapsuleR",-166767.822950818
"smt_md_PosteriorlimbofinternalcapsuleL",45758.333489508
"smt_md_RetrolenticularpartofinternalcapsuleR",123.574443146038
"smt_md_RetrolenticularpartofinternalcapsuleL",22814.138050773
"smt_md_AnteriorcoronaradiataR",-50791.3422448122
"smt_md_AnteriorcoronaradiataL",22302.8575775969
"smt_md_SuperiorcoronaradiataR",26538.43425539
"smt_md_SuperiorcoronaradiataL",146387.879176097
"smt_md_PosteriorcoronaradiataR",14707.0065470258
"smt_md_PosteriorcoronaradiataL",-125076.074991364
"smt_md_PosteriorthalamicradiationR",65707.1370601529
"smt_md_PosteriorthalamicradiationL",-22217.4163433688
"smt_md_SagittalstratumR",-7070.10973718828
"smt_md_SagittalstratumL",-16449.3639404049
"smt_md_ExternalcapsuleR",-12796.6071843143
"smt_md_ExternalcapsuleL",31147.5272082437
"smt_md_CingulumcingulategyrusR",75686.1558442797
"smt_md_CingulumcingulategyrusL",27642.6989482162
"smt_md_CingulumhippocampusR",-11061.3282909205
"smt_md_CingulumhippocampusL",167909.616628595
"smt_md_Fornix_StriaterminalisR",-29786.4915794579
"smt_md_Fornix_StriaterminalisL",-97493.8753776523
"smt_md_SuperiorlongitudinalfasciculusR",-19189.6896526983
"smt_md_SuperiorlongitudinalfasciculusL",72393.57538585
"smt_md_SuperiorfrontooccipitalfasciculusR",14132.7968536595
"smt_md_SuperiorfrontooccipitalfasciculusL",-84904.3314035336
"smt_md_UncinatefasciculusR",15125.7016505179
"smt_md_UncinatefasciculusL",10609.119405473
"smt_md_TapetumR",-48531.0119485987
"smt_md_TapetumL",-26277.5638235494
"smt_md_Mean",-180905.410047422
"smt_md_CINGL",-66686.2621403514
"smt_md_CINGR",22119.7534251518
"smt_trans_ATRL",44607.5663614203
"smt_trans_ATRR",54051.2254187576
"smt_trans_CSTL",-43247.6117836576
"smt_trans_CSTR",-2087.97674652079
"smt_trans_CGL",-20642.5060811827
"smt_trans_CGR",-54254.2385661275
"smt_trans_FMAJ",-87479.6413911936
"smt_trans_FMIN",18085.807145827
"smt_trans_IFOFL",33939.1151607309
"smt_trans_IFOFR",84645.9034032
"smt_trans_ILFL",18623.8522435449
"smt_trans_ILFR",-73604.6198073246
"smt_trans_SLFL",99915.1565417495
"smt_trans_SLFR",15479.2480597984
"smt_trans_UFL",-4161.35467685302
"smt_trans_UFR",-28251.1686387961
"smt_trans_SLFTL",-22063.9470563047
"smt_trans_SLTFR",20239.0244772929
"smt_trans_Middlecerebellarpeduncle",-68371.9549837593
"smt_trans_Pontine",-48795.7897891686
"smt_trans_GenuCC",6837.68981770117
"smt_trans_BodyCC",123709.972843908
"smt_trans_SpleniumCC",58293.8907573651
"smt_trans_Fornix",15832.0930910904
"smt_trans_CorticospinaltractR",39895.0895670103
"smt_trans_CorticospinaltractL",-50953.9632551818
"smt_trans_MediallemniscusR",40536.4019734783
"smt_trans_MediallemniscusL",46472.3301519018
"smt_trans_InferiorcerebellarpeduncleR",37650.2297050304
"smt_trans_InferiorcerebellarpeduncleL",-22346.3452130592
"smt_trans_SuperiorcerebellarpeduncleR",-1093.33179300062
"smt_trans_SuperiorcerebellarpeduncleL",41293.0484602873
"smt_trans_CerebralpeduncleR",-17677.1889181416
"smt_trans_CerebralpeduncleL",126231.516470572
"smt_trans_AnteriorlimbofinternalcapsuleR",-42279.4423780094
"smt_trans_AnteriorlimbofinternalcapsuleL",33177.3584080009
"smt_trans_.PosteriorlimbofinternalcapsuleR",153315.353990481
"smt_trans_PosteriorlimbofinternalcapsuleL",-11839.8882055774
"smt_trans_RetrolenticularpartofinternalcapsuleR",18423.7637577909
"smt_trans_RetrolenticularpartofinternalcapsuleL",-50732.637403617
"smt_trans_AnteriorcoronaradiataR",-17213.2013467359
"smt_trans_AnteriorcoronaradiataL",36678.1845701206
"smt_trans_SuperiorcoronaradiataR",-21223.7011738795
"smt_trans_SuperiorcoronaradiataL",-37724.286560386
"smt_trans_PosteriorcoronaradiataR",-51126.7264046405
"smt_trans_PosteriorcoronaradiataL",38773.1720050934
"smt_trans_PosteriorthalamicradiationR",-49401.733553292
"smt_trans_PosteriorthalamicradiationL",-53680.3533264136
"smt_trans_SagittalstratumR",27174.5543571308
"smt_trans_SagittalstratumL",-12598.5645063507
"smt_trans_ExternalcapsuleR",9342.60208837923
"smt_trans_ExternalcapsuleL",13131.0010103819
"smt_trans_CingulumcingulategyrusR",-60660.2024745293
"smt_trans_CingulumcingulategyrusL",-35564.3475334908
"smt_trans_CingulumhippocampusR",10345.523702858
"smt_trans_CingulumhippocampusL",-69201.0618192461
"smt_trans_Fornix_StriaterminalisR",31212.6143680756
"smt_trans_Fornix_StriaterminalisL",54199.2528711778
"smt_trans_SuperiorlongitudinalfasciculusR",1649.69384156698
"smt_trans_SuperiorlongitudinalfasciculusL",-23232.203580706
"smt_trans_SuperiorfrontooccipitalfasciculusR",-10279.3803141059
"smt_trans_SuperiorfrontooccipitalfasciculusL",72493.4299637925
"smt_trans_UncinatefasciculusR",27964.2393211492
"smt_trans_UncinatefasciculusL",-8517.02332986676
"smt_trans_TapetumR",36787.1532183615
"smt_trans_TapetumL",22615.3470666222
"smt_trans_Mean",-7563.4055166645
"smt_trans_CINGL",16719.2569563578
"smt_trans_CINGR",-21612.9902012481
"smt_mc_intra_ATRL",-17.1716311534396
"smt_mc_intra_ATRR",-85.6745635800281
"smt_mc_intra_CSTL",-97.8567246542202
"smt_mc_intra_CSTR",-3.92662438080239
"smt_mc_intra_CGL",36.0454448841638
"smt_mc_intra_CGR",13.6273177172236
"smt_mc_intra_FMAJ",42.4916203148864
"smt_mc_intra_FMIN",-70.3911888149767
"smt_mc_intra_IFOFL",-31.2404582057685
"smt_mc_intra_IFOFR",126.207460655849
"smt_mc_intra_ILFL",-37.4962269643923
"smt_mc_intra_ILFR",-121.743033203783
"smt_mc_intra_SLFL",69.6032387377263
"smt_mc_intra_SLFR",60.7919827992533
"smt_mc_intra_UFL",32.7386791955066
"smt_mc_intra_UFR",-29.9113888415856
"smt_mc_intra_SLFTL",-5.80692795938674
"smt_mc_intra_SLTFR",-63.1500234229565
"smt_mc_intra_Middlecerebellarpeduncle",180.42730805669
"smt_mc_intra_Pontine",26.5127627473005
"smt_mc_intra_GenuCC",-8.00406726475096
"smt_mc_intra_BodyCC",8.61717717942173
"smt_mc_intra_SpleniumCC",-54.8017682752765
"smt_mc_intra_Fornix",-47.0274111828724
"smt_mc_intra_CorticospinaltractR",-6.09689001072893
"smt_mc_intra_CorticospinaltractL",4.27628091988845
"smt_mc_intra_MediallemniscusR",4.05196055748167
"smt_mc_intra_MediallemniscusL",-23.7139995912403
"smt_mc_intra_InferiorcerebellarpeduncleR",-9.97815179217071
"smt_mc_intra_InferiorcerebellarpeduncleL",1.10763012256386
"smt_mc_intra_SuperiorcerebellarpeduncleR",-5.21938207836214
"smt_mc_intra_SuperiorcerebellarpeduncleL",-24.4286837886255
"smt_mc_intra_CerebralpeduncleR",-10.3263557517191
"smt_mc_intra_CerebralpeduncleL",5.23425859468901
"smt_mc_intra_AnteriorlimbofinternalcapsuleR",45.0746138570181
"smt_mc_intra_AnteriorlimbofinternalcapsuleL",41.0000533903531
"smt_mc_intra_.PosteriorlimbofinternalcapsuleR",37.5605348225129
"smt_mc_intra_PosteriorlimbofinternalcapsuleL",-29.8957238280112
"smt_mc_intra_RetrolenticularpartofinternalcapsuleR",21.7527141485898
"smt_mc_intra_RetrolenticularpartofinternalcapsuleL",41.9184001424157
"smt_mc_intra_AnteriorcoronaradiataR",45.0456269455824
"smt_mc_intra_AnteriorcoronaradiataL",-35.7616652318177
"smt_mc_intra_SuperiorcoronaradiataR",-102.842696868434
"smt_mc_intra_SuperiorcoronaradiataL",55.6671110442944
"smt_mc_intra_PosteriorcoronaradiataR",37.258292836085
"smt_mc_intra_PosteriorcoronaradiataL",-15.8142856426847
"smt_mc_intra_PosteriorthalamicradiationR",-19.1852081188389
"smt_mc_intra_PosteriorthalamicradiationL",-28.599304327399
"smt_mc_intra_SagittalstratumR",20.3972191370152
"smt_mc_intra_SagittalstratumL",-5.66614238288604
"smt_mc_intra_ExternalcapsuleR",39.2834526621202
"smt_mc_intra_ExternalcapsuleL",13.9682870168396
"smt_mc_intra_CingulumcingulategyrusR",-124.725017872284
"smt_mc_intra_CingulumcingulategyrusL",30.1349827126237
"smt_mc_intra_CingulumhippocampusR",-4.18359143585624
"smt_mc_intra_CingulumhippocampusL",-1.75734923111348
"smt_mc_intra_Fornix_StriaterminalisR",-7.10620737608079
"smt_mc_intra_Fornix_StriaterminalisL",-31.4223702301711
"smt_mc_intra_SuperiorlongitudinalfasciculusR",17.9929769646852
"smt_mc_intra_SuperiorlongitudinalfasciculusL",21.341724420572
"smt_mc_intra_SuperiorfrontooccipitalfasciculusR",12.8754638615153
"smt_mc_intra_SuperiorfrontooccipitalfasciculusL",-12.4202284533863
"smt_mc_intra_UncinatefasciculusR",31.0389581666885
"smt_mc_intra_UncinatefasciculusL",-4.55842511392426
"smt_mc_intra_TapetumR",-4.35112698378872
"smt_mc_intra_TapetumL",6.8820367877841
"smt_mc_intra_Mean",-72.5023125427902
"smt_mc_intra_CINGL",11.7531711901188
"smt_mc_intra_CINGR",60.3340863211321
"smt_mc_extramd_ATRL",-70458.7278036031
"smt_mc_extramd_ATRR",-67902.2192178058
"smt_mc_extramd_CSTL",64870.3201481446
"smt_mc_extramd_CSTR",-41515.3859984649
"smt_mc_extramd_CGL",-28748.9021233129
"smt_mc_extramd_CGR",55743.544772145
"smt_mc_extramd_FMAJ",-46674.0537358887
"smt_mc_extramd_FMIN",57094.410441588
"smt_mc_extramd_IFOFL",28266.1816227362
"smt_mc_extramd_IFOFR",-8399.3318749229
"smt_mc_extramd_ILFL",15525.3799546221
"smt_mc_extramd_ILFR",-23932.459773013
"smt_mc_extramd_SLFL",-5810.03157880715
"smt_mc_extramd_SLFR",24440.1726161539
"smt_mc_extramd_UFL",-111727.025668436
"smt_mc_extramd_UFR",-46339.4239249446
"smt_mc_extramd_SLFTL",10119.124553843
"smt_mc_extramd_SLTFR",16227.3531694696
"smt_mc_extramd_Middlecerebellarpeduncle",17924.1432932576
"smt_mc_extramd_Pontine",-109543.217974739
"smt_mc_extramd_GenuCC",7974.3175889691
"smt_mc_extramd_BodyCC",27073.8431671157
"smt_mc_extramd_SpleniumCC",-53826.5413954883
"smt_mc_extramd_Fornix",-57349.4168027904
"smt_mc_extramd_CorticospinaltractR",1832.0873161747
"smt_mc_extramd_CorticospinaltractL",-81545.8518666598
"smt_mc_extramd_MediallemniscusR",-16978.7504681964
"smt_mc_extramd_MediallemniscusL",13465.299136259
"smt_mc_extramd_InferiorcerebellarpeduncleR",-66093.7439410189
"smt_mc_extramd_InferiorcerebellarpeduncleL",-44310.6610111442
"smt_mc_extramd_SuperiorcerebellarpeduncleR",9728.82180560751
"smt_mc_extramd_SuperiorcerebellarpeduncleL",-42861.8400669811
"smt_mc_extramd_CerebralpeduncleR",78927.7957315902
"smt_mc_extramd_CerebralpeduncleL",37295.4012223155
"smt_mc_extramd_AnteriorlimbofinternalcapsuleR",39843.4926711845
"smt_mc_extramd_AnteriorlimbofinternalcapsuleL",-41610.3225273728
"smt_mc_extramd_.PosteriorlimbofinternalcapsuleR",17544.5240673984
"smt_mc_extramd_PosteriorlimbofinternalcapsuleL",-39947.719126558
"smt_mc_extramd_RetrolenticularpartofinternalcapsuleR",2784.89566835162
"smt_mc_extramd_RetrolenticularpartofinternalcapsuleL",154.637803212137
"smt_mc_extramd_AnteriorcoronaradiataR",89339.7394721478
"smt_mc_extramd_AnteriorcoronaradiataL",38457.6414579088
"smt_mc_extramd_SuperiorcoronaradiataR",84511.1358762726
"smt_mc_extramd_SuperiorcoronaradiataL",39247.3425835263
"smt_mc_extramd_PosteriorcoronaradiataR",28010.6169952128
"smt_mc_extramd_PosteriorcoronaradiataL",-65408.4337219933
"smt_mc_extramd_PosteriorthalamicradiationR",12226.5799836894
"smt_mc_extramd_PosteriorthalamicradiationL",61501.5327708185
"smt_mc_extramd_SagittalstratumR",46630.5314568052
"smt_mc_extramd_SagittalstratumL",10406.2902442649
"smt_mc_extramd_ExternalcapsuleR",33074.2620713378
"smt_mc_extramd_ExternalcapsuleL",-109242.326914917
"smt_mc_extramd_CingulumcingulategyrusR",-69168.4878633442
"smt_mc_extramd_CingulumcingulategyrusL",-15845.0072048811
"smt_mc_extramd_CingulumhippocampusR",15743.3827011274
"smt_mc_extramd_CingulumhippocampusL",69607.6522258266
"smt_mc_extramd_Fornix_StriaterminalisR",-121627.569961935
"smt_mc_extramd_Fornix_StriaterminalisL",34546.8337578221
"smt_mc_extramd_SuperiorlongitudinalfasciculusR",-74310.4779415925
"smt_mc_extramd_SuperiorlongitudinalfasciculusL",49233.8373527338
"smt_mc_extramd_SuperiorfrontooccipitalfasciculusR",-76107.2191394496
"smt_mc_extramd_SuperiorfrontooccipitalfasciculusL",-12979.6650590064
"smt_mc_extramd_UncinatefasciculusR",-74304.0972708296
"smt_mc_extramd_UncinatefasciculusL",108984.247909712
"smt_mc_extramd_TapetumR",-96111.2665256883
"smt_mc_extramd_TapetumL",-18135.764468904
"smt_mc_extramd_Mean",38395.7060289701
"smt_mc_extramd_CINGL",3579.91152048817
"smt_mc_extramd_CINGR",-24922.8855946872
"smt_mc_extratrans_ATRL",28821.3587138375
"smt_mc_extratrans_ATRR",-769.613769691894
"smt_mc_extratrans_CSTL",-54958.7236623992
"smt_mc_extratrans_CSTR",41038.9447689966
"smt_mc_extratrans_CGL",52977.8508695082
"smt_mc_extratrans_CGR",-54971.1768916187
"smt_mc_extratrans_FMAJ",68714.8074730939
"smt_mc_extratrans_FMIN",-24966.5355793197
"smt_mc_extratrans_IFOFL",-5103.53555836165
"smt_mc_extratrans_IFOFR",11088.8793313751
"smt_mc_extratrans_ILFL",-6090.66196490455
"smt_mc_extratrans_ILFR",-7024.49407933747
"smt_mc_extratrans_SLFL",34034.273381462
"smt_mc_extratrans_SLFR",-28431.8950114143
"smt_mc_extratrans_UFL",54258.2573736494
"smt_mc_extratrans_UFR",46952.9256021651
"smt_mc_extratrans_SLFTL",-29363.9999951925
"smt_mc_extratrans_SLTFR",-25206.4071797686
"smt_mc_extratrans_Middlecerebellarpeduncle",26853.8727124555
"smt_mc_extratrans_Pontine",72611.9603217066
"smt_mc_extratrans_GenuCC",-14820.8998057303
"smt_mc_extratrans_BodyCC",-17172.6923143624
"smt_mc_extratrans_SpleniumCC",11641.6164995904
"smt_mc_extratrans_Fornix",22925.4136944492
"smt_mc_extratrans_CorticospinaltractR",-2521.04428073234
"smt_mc_extratrans_CorticospinaltractL",57041.9428871745
"smt_mc_extratrans_MediallemniscusR",23682.4877370719
"smt_mc_extratrans_MediallemniscusL",-9698.49576937454
"smt_mc_extratrans_InferiorcerebellarpeduncleR",43356.3007126081
"smt_mc_extratrans_InferiorcerebellarpeduncleL",29390.6903170461
"smt_mc_extratrans_SuperiorcerebellarpeduncleR",-4650.15216666739
"smt_mc_extratrans_SuperiorcerebellarpeduncleL",23483.0127251128
"smt_mc_extratrans_CerebralpeduncleR",-49645.1583887987
"smt_mc_extratrans_CerebralpeduncleL",-20086.8484651596
"smt_mc_extratrans_AnteriorlimbofinternalcapsuleR",-5896.7430312635
"smt_mc_extratrans_AnteriorlimbofinternalcapsuleL",48305.4720373815
"smt_mc_extratrans_.PosteriorlimbofinternalcapsuleR",2825.26094244976
"smt_mc_extratrans_PosteriorlimbofinternalcapsuleL",15668.4473622898
"smt_mc_extratrans_RetrolenticularpartofinternalcapsuleR",-6143.03380765998
"smt_mc_extratrans_RetrolenticularpartofinternalcapsuleL",15769.4107607146
"smt_mc_extratrans_AnteriorcoronaradiataR",-59628.1510338808
"smt_mc_extratrans_AnteriorcoronaradiataL",-43573.1449880372
"smt_mc_extratrans_SuperiorcoronaradiataR",-71272.2269744569
"smt_mc_extratrans_SuperiorcoronaradiataL",-30726.1332836855
"smt_mc_extratrans_PosteriorcoronaradiataR",1013.08189648838
"smt_mc_extratrans_PosteriorcoronaradiataL",41769.5194189895
"smt_mc_extratrans_PosteriorthalamicradiationR",-4931.11308435562
"smt_mc_extratrans_PosteriorthalamicradiationL",-46862.7927418365
"smt_mc_extratrans_SagittalstratumR",-14243.8516390754
"smt_mc_extratrans_SagittalstratumL",-9024.61506153978
"smt_mc_extratrans_ExternalcapsuleR",-11501.4157044417
"smt_mc_extratrans_ExternalcapsuleL",84620.6936414334
"smt_mc_extratrans_CingulumcingulategyrusR",30514.7987499249
"smt_mc_extratrans_CingulumcingulategyrusL",20413.5869021717
"smt_mc_extratrans_CingulumhippocampusR",2770.64292191121
"smt_mc_extratrans_CingulumhippocampusL",-55163.4079995485
"smt_mc_extratrans_Fornix_StriaterminalisR",76473.2234171072
"smt_mc_extratrans_Fornix_StriaterminalisL",-22559.534815023
"smt_mc_extratrans_SuperiorlongitudinalfasciculusR",64271.5860510427
"smt_mc_extratrans_SuperiorlongitudinalfasciculusL",-33663.6112201356
"smt_mc_extratrans_SuperiorfrontooccipitalfasciculusR",48677.3292370233
"smt_mc_extratrans_SuperiorfrontooccipitalfasciculusL",4047.95541735795
"smt_mc_extratrans_UncinatefasciculusR",44539.7530485465
"smt_mc_extratrans_UncinatefasciculusL",-76108.8507111663
"smt_mc_extratrans_TapetumR",62872.9049360982
"smt_mc_extratrans_TapetumL",12107.4429087979
"smt_mc_extratrans_Mean",-82540.7517149724
"smt_mc_extratrans_CINGL",-5623.89568230748
"smt_mc_extratrans_CINGR",17022.6551937028
"smt_mc_diff_ATRL",36079.9704425493
"smt_mc_diff_ATRR",49181.0647114204
"smt_mc_diff_CSTL",29339.4511005802
"smt_mc_diff_CSTR",20196.4468572583
"smt_mc_diff_CGL",15281.1647501497
"smt_mc_diff_CGR",-34599.4368087993
"smt_mc_diff_FMAJ",19947.5518591674
"smt_mc_diff_FMIN",-11513.2788402907
"smt_mc_diff_IFOFL",-12042.7301175136
"smt_mc_diff_IFOFR",-15341.3557102289
"smt_mc_diff_ILFL",-3689.58178939394
"smt_mc_diff_ILFR",22789.140498811
"smt_mc_diff_SLFL",-9691.17782524567
"smt_mc_diff_SLFR",-35761.4839548712
"smt_mc_diff_UFL",20664.062791719
"smt_mc_diff_UFR",21052.1218246445
"smt_mc_diff_SLFTL",-12280.3099303009
"smt_mc_diff_SLTFR",11691.6400498044
"smt_mc_diff_Middlecerebellarpeduncle",-81278.9534751462
"smt_mc_diff_Pontine",34143.2850238474
"smt_mc_diff_GenuCC",2556.19396192833
"smt_mc_diff_BodyCC",-11022.4731656421
"smt_mc_diff_SpleniumCC",30051.9916403536
"smt_mc_diff_Fornix",27478.6505966163
"smt_mc_diff_CorticospinaltractR",-1752.43686871545
"smt_mc_diff_CorticospinaltractL",25036.6110142
"smt_mc_diff_MediallemniscusR",3402.90749635707
"smt_mc_diff_MediallemniscusL",-3764.26900828078
"smt_mc_diff_InferiorcerebellarpeduncleR",21613.1815240634
"smt_mc_diff_InferiorcerebellarpeduncleL",17690.7507094309
"smt_mc_diff_SuperiorcerebellarpeduncleR",2667.21510663187
"smt_mc_diff_SuperiorcerebellarpeduncleL",15930.2443886938
"smt_mc_diff_CerebralpeduncleR",-28109.1769001267
"smt_mc_diff_CerebralpeduncleL",-11271.5646490788
"smt_mc_diff_AnteriorlimbofinternalcapsuleR",-23632.4287327805
"smt_mc_diff_AnteriorlimbofinternalcapsuleL",358.993557523231
"smt_mc_diff_.PosteriorlimbofinternalcapsuleR",-6449.48201953335
"smt_mc_diff_PosteriorlimbofinternalcapsuleL",15620.1007406576
"smt_mc_diff_RetrolenticularpartofinternalcapsuleR",-5036.11806762418
"smt_mc_diff_RetrolenticularpartofinternalcapsuleL",-1149.44072226597
"smt_mc_diff_AnteriorcoronaradiataR",-42199.198460295
"smt_mc_diff_AnteriorcoronaradiataL",552.477374144485
"smt_mc_diff_SuperiorcoronaradiataR",-15725.950939171
"smt_mc_diff_SuperiorcoronaradiataL",-16946.7960043488
"smt_mc_diff_PosteriorcoronaradiataR",-13182.3377514422
"smt_mc_diff_PosteriorcoronaradiataL",13780.7979999091
"smt_mc_diff_PosteriorthalamicradiationR",-3985.83563307062
"smt_mc_diff_PosteriorthalamicradiationL",-20146.9528288481
"smt_mc_diff_SagittalstratumR",-18284.384290868
"smt_mc_diff_SagittalstratumL",5784.25177536544
"smt_mc_diff_ExternalcapsuleR",-13941.9450663253
"smt_mc_diff_ExternalcapsuleL",26400.2805855348
"smt_mc_diff_CingulumcingulategyrusR",50561.5233196472
"smt_mc_diff_CingulumcingulategyrusL",573.330195519539
"smt_mc_diff_CingulumhippocampusR",5409.23347858305
"smt_mc_diff_CingulumhippocampusL",-24772.398502884
"smt_mc_diff_Fornix_StriaterminalisR",43936.199291746
"smt_mc_diff_Fornix_StriaterminalisL",-1656.24281273245
"smt_mc_diff_SuperiorlongitudinalfasciculusR",18243.0981050698
"smt_mc_diff_SuperiorlongitudinalfasciculusL",-2162.86957987965
"smt_mc_diff_SuperiorfrontooccipitalfasciculusR",22050.3084945262
"smt_mc_diff_SuperiorfrontooccipitalfasciculusL",5753.07013509935
"smt_mc_diff_UncinatefasciculusR",14388.0436381833
"smt_mc_diff_UncinatefasciculusL",-31988.1401788073
"smt_mc_diff_TapetumR",31950.1689043747
"smt_mc_diff_TapetumL",4124.5662834554
"smt_mc_diff_Mean",-40774.5222331289
"smt_mc_diff_CINGL",-797.52186907303
"smt_mc_diff_CINGR",1173.20003085473
"awf_ATRL",-13.6928608528225
"awf_ATRR",-8.72187420947834
"awf_CSTL",11.28796833118
"awf_CSTR",12.9419000509599
"awf_CGL",52.2404793376699
"awf_CGR",-16.798503799117
"awf_FMAJ",-7.73789244104539
"awf_FMIN",-5.30550387699743
"awf_IFOFL",-62.0221830254194
"awf_IFOFR",-81.3410613499073
"awf_ILFL",11.531269396261
"awf_ILFR",5.999753131842
"awf_SLFL",1.1820019774575
"awf_SLFR",-2.92121842467356
"awf_UFL",-48.6207290835864
"awf_UFR",-21.3486706612313
"awf_SLFTL",4.53576094176667
"awf_SLTFR",2.9623093789204
"awf_Middlecerebellarpeduncle",-59.3818325834613
"awf_Pontine",7.76557580237183
"awf_GenuCC",5.67492320502574
"awf_BodyCC",-15.5548114886401
"awf_SpleniumCC",16.1815127517669
"awf_Fornix",-47.175343736541
"awf_CorticospinaltractR",-0.557224192892027
"awf_CorticospinaltractL",0.0968712047134728
"awf_MediallemniscusR",-3.08879245158077
"awf_MediallemniscusL",-1.85914082604562
"awf_InferiorcerebellarpeduncleR",12.2972981624638
"awf_InferiorcerebellarpeduncleL",14.2051959050716
"awf_SuperiorcerebellarpeduncleR",12.7024007892589
"awf_SuperiorcerebellarpeduncleL",8.86454950086635
"awf_CerebralpeduncleR",-6.63883015024052
"awf_CerebralpeduncleL",-5.06864682021263
"awf_AnteriorlimbofinternalcapsuleR",12.7323579663164
"awf_AnteriorlimbofinternalcapsuleL",4.92856264919871
"awf_.PosteriorlimbofinternalcapsuleR",15.6061287738892
"awf_PosteriorlimbofinternalcapsuleL",-10.6772438447975
"awf_RetrolenticularpartofinternalcapsuleR",27.9983830616165
"awf_RetrolenticularpartofinternalcapsuleL",14.4725837217893
"awf_AnteriorcoronaradiataR",19.7886756111308
"awf_AnteriorcoronaradiataL",-4.83597100848013
"awf_SuperiorcoronaradiataR",29.246516206456
"awf_SuperiorcoronaradiataL",5.87599467037127
"awf_PosteriorcoronaradiataR",18.6989489003458
"awf_PosteriorcoronaradiataL",-29.8674716054154
"awf_PosteriorthalamicradiationR",-9.38391418609845
"awf_PosteriorthalamicradiationL",9.1080069577897
"awf_SagittalstratumR",3.89587947936978
"awf_SagittalstratumL",13.2426621339616
"awf_ExternalcapsuleR",25.0274698187892
"awf_ExternalcapsuleL",40.9515269899095
"awf_CingulumcingulategyrusR",-3.66397185486749
"awf_CingulumcingulategyrusL",-15.2978200836709
"awf_CingulumhippocampusR",12.2652897733863
"awf_CingulumhippocampusL",-7.62287002598964
"awf_Fornix_StriaterminalisR",10.1736102504028
"awf_Fornix_StriaterminalisL",21.342228463332
"awf_SuperiorlongitudinalfasciculusR",6.66120124411119
"awf_SuperiorlongitudinalfasciculusL",-19.7633031532179
"awf_SuperiorfrontooccipitalfasciculusR",-13.0244465338405
"awf_SuperiorfrontooccipitalfasciculusL",-4.82688910144268
"awf_UncinatefasciculusR",10.0815808213446
"awf_UncinatefasciculusL",14.4559912336883
"awf_TapetumR",0.0870493154322988
"awf_TapetumL",-0.354240742285355
"awf_Mean",-37.3600745522473
"awf_CINGL",15.5083420086191
"awf_CINGR",-10.4170753406828
"radEAD_ATRL",-3.09055713987998
"radEAD_ATRR",2.9200885638948
"radEAD_CSTL",4.09318750587145
"radEAD_CSTR",3.00702633808078
"radEAD_CGL",-49.8166313765317
"radEAD_CGR",-26.3238599308116
"radEAD_FMAJ",-8.53854939819714
"radEAD_FMIN",-17.7208111282413
"radEAD_IFOFL",-2.44864745183321
"radEAD_IFOFR",118.802568402426
"radEAD_ILFL",-0.132490308287195
"radEAD_ILFR",-0.385957983716405
"radEAD_SLFL",-3.61833877787455
"radEAD_SLFR",-7.99975503155
"radEAD_UFL",53.9367395937759
"radEAD_UFR",36.4269539861098
"radEAD_SLFTL",-18.5153859125903
"radEAD_SLTFR",-2.24388059042973
"radEAD_Middlecerebellarpeduncle",-1.90444037607597
"radEAD_Pontine",-0.74907619455033
"radEAD_GenuCC",2.74280424538653
"radEAD_BodyCC",2.33030436629103
"radEAD_SpleniumCC",2.53697349219838
"radEAD_Fornix",0.227700415305914
"radEAD_CorticospinaltractR",1.28983249312489
"radEAD_CorticospinaltractL",-0.313520302389942
"radEAD_MediallemniscusR",0.657053871829536
"radEAD_MediallemniscusL",-1.20709639064077
"radEAD_InferiorcerebellarpeduncleR",1.48530573155499
"radEAD_InferiorcerebellarpeduncleL",0.0227919774295794
"radEAD_SuperiorcerebellarpeduncleR",-12.5748499418676
"radEAD_SuperiorcerebellarpeduncleL",-5.55051975798658
"radEAD_CerebralpeduncleR",-1.70475242724714
"radEAD_CerebralpeduncleL",1.24733964003276
"radEAD_AnteriorlimbofinternalcapsuleR",-2.12069690838741
"radEAD_AnteriorlimbofinternalcapsuleL",3.70139982260619
"radEAD_.PosteriorlimbofinternalcapsuleR",-8.56173578798285
"radEAD_PosteriorlimbofinternalcapsuleL",2.54726493686274
"radEAD_RetrolenticularpartofinternalcapsuleR",-11.9551595467071
"radEAD_RetrolenticularpartofinternalcapsuleL",19.3663278987826
"radEAD_AnteriorcoronaradiataR",-8.20776110693401
"radEAD_AnteriorcoronaradiataL",63.5323514037281
"radEAD_SuperiorcoronaradiataR",-36.2567464302956
"radEAD_SuperiorcoronaradiataL",6.7333051702605
"radEAD_PosteriorcoronaradiataR",2.79279960274692
"radEAD_PosteriorcoronaradiataL",17.2874799992466
"radEAD_PosteriorthalamicradiationR",3.06373926429148
"radEAD_PosteriorthalamicradiationL",3.90131771069245
"radEAD_SagittalstratumR",-2.60391096735222
"radEAD_SagittalstratumL",-0.657416814982206
"radEAD_ExternalcapsuleR",-39.1717444735239
"radEAD_ExternalcapsuleL",-4.09903639351771
"radEAD_CingulumcingulategyrusR",47.2320325049562
"radEAD_CingulumcingulategyrusL",20.975196004671
"radEAD_CingulumhippocampusR",-0.946409317388665
"radEAD_CingulumhippocampusL",-1.35305187375927
"radEAD_Fornix_StriaterminalisR",-18.4163504275181
"radEAD_Fornix_StriaterminalisL",-11.4343496042513
"radEAD_SuperiorlongitudinalfasciculusR",-2.64515480877671
"radEAD_SuperiorlongitudinalfasciculusL",1.77985281143552
"radEAD_SuperiorfrontooccipitalfasciculusR",12.5228648779278
"radEAD_SuperiorfrontooccipitalfasciculusL",3.034270363413
"radEAD_UncinatefasciculusR",1.67071174305498
"radEAD_UncinatefasciculusL",-20.1101902446245
"radEAD_TapetumR",-0.408160461845318
"radEAD_TapetumL",-1.8050028461036
"radEAD_Mean",3.20037701430899
"radEAD_CINGL",4.19701059837527
"radEAD_CINGR",2.1319721852389
