"","model2.coefficients"
"(Intercept)",349.098190259299
"v_intra_ATRL",-230.078464070034
"v_intra_ATRR",70.8211066286743
"v_intra_CSTL",13.9526121565269
"v_intra_CSTR",-13.7696980306233
"v_intra_CGL",-103.961564930688
"v_intra_CGR",3.37959927058888
"v_intra_FMAJ",13.1800420293152
"v_intra_FMIN",57.1290759948606
"v_intra_IFOFL",-49.389129355421
"v_intra_IFOFR",38.5016667645406
"v_intra_ILFL",26.0276106754175
"v_intra_ILFR",-255.168079258201
"v_intra_SLFL",118.007306558102
"v_intra_SLFR",-104.543938575849
"v_intra_UFL",-104.892154338784
"v_intra_UFR",95.6781551450133
"v_intra_SLFTL",-13.9789431980605
"v_intra_SLTFR",6.77443638412815
"v_intra_Middlecerebellarpeduncle",-65.7145652306833
"v_intra_Pontine",-16.0516364207539
"v_intra_GenuCC",-26.6882753781515
"v_intra_BodyCC",101.914676316257
"v_intra_SpleniumCC",-116.709983089788
"v_intra_Fornix",-9.42720333299925
"v_intra_CorticospinaltractR",3.46226186068063
"v_intra_CorticospinaltractL",12.2813659640652
"v_intra_MediallemniscusR",-45.0054034879831
"v_intra_MediallemniscusL",20.0675954207158
"v_intra_InferiorcerebellarpeduncleR",74.1400765495381
"v_intra_InferiorcerebellarpeduncleL",-35.2524106536466
"v_intra_SuperiorcerebellarpeduncleR",30.5103285219104
"v_intra_SuperiorcerebellarpeduncleL",5.88587683445555
"v_intra_CerebralpeduncleR",25.2318798002664
"v_intra_CerebralpeduncleL",-44.1279171654796
"v_intra_AnteriorlimbofinternalcapsuleR",-28.2782099884236
"v_intra_AnteriorlimbofinternalcapsuleL",36.8637320655238
"v_intra_.PosteriorlimbofinternalcapsuleR",186.032953256093
"v_intra_PosteriorlimbofinternalcapsuleL",5.029977825092
"v_intra_RetrolenticularpartofinternalcapsuleR",-32.6932138240086
"v_intra_RetrolenticularpartofinternalcapsuleL",177.16787658955
"v_intra_AnteriorcoronaradiataR",-102.420330375957
"v_intra_AnteriorcoronaradiataL",47.8338693038126
"v_intra_SuperiorcoronaradiataR",-89.2535353681712
"v_intra_SuperiorcoronaradiataL",-20.5161265082297
"v_intra_PosteriorcoronaradiataR",4.56796158553392
"v_intra_PosteriorcoronaradiataL",97.4810516575522
"v_intra_PosteriorthalamicradiationR",78.1680999311776
"v_intra_PosteriorthalamicradiationL",77.9075859026837
"v_intra_SagittalstratumR",119.25384722521
"v_intra_SagittalstratumL",-23.356519532593
"v_intra_ExternalcapsuleR",-42.1510289521614
"v_intra_ExternalcapsuleL",89.2877622972419
"v_intra_CingulumcingulategyrusR",11.2285922658285
"v_intra_CingulumcingulategyrusL",-7.32416859831823
"v_intra_CingulumhippocampusR",82.4075633038097
"v_intra_CingulumhippocampusL",19.0890425833245
"v_intra_Fornix_StriaterminalisR",-42.3208786707901
"v_intra_Fornix_StriaterminalisL",55.5162262122736
"v_intra_SuperiorlongitudinalfasciculusR",89.1012897165012
"v_intra_SuperiorlongitudinalfasciculusL",-57.102321026715
"v_intra_SuperiorfrontooccipitalfasciculusR",19.7226591796156
"v_intra_SuperiorfrontooccipitalfasciculusL",12.2545634008823
"v_intra_UncinatefasciculusR",45.5749004735435
"v_intra_UncinatefasciculusL",-9.32151724243173
"v_intra_TapetumR",25.8439064826797
"v_intra_TapetumL",-18.6548970600588
"v_intra_Mean",48.0104154394056
"v_intra_CINGL",-33.1888627115775
"v_intra_CINGR",-81.7736209304914
"v_extra_ATRL",-17.8990193702946
"v_extra_ATRR",-47.3734706199336
"v_extra_CSTL",-14.9528582780018
"v_extra_CSTR",4.98007303192084
"v_extra_CGL",7.22036972548979
"v_extra_CGR",8.99005710667799
"v_extra_FMAJ",83.3129470100267
"v_extra_FMIN",36.0814806506904
"v_extra_IFOFL",-4.43279045283693
"v_extra_IFOFR",-54.7525838565046
"v_extra_ILFL",19.277311926788
"v_extra_ILFR",-13.5457291588808
"v_extra_SLFL",-16.8919078160807
"v_extra_SLFR",-0.804020496711856
"v_extra_UFL",12.4011535185703
"v_extra_UFR",11.2207667425215
"v_extra_SLFTL",7.04759250975154
"v_extra_SLTFR",6.31278678799621
"v_extra_Middlecerebellarpeduncle",-10.9259703751052
"v_extra_Pontine",1.74902238362688
"v_extra_GenuCC",-49.6054789539402
"v_extra_BodyCC",3.50212257786701
"v_extra_SpleniumCC",-90.7193953037292
"v_extra_Fornix",-1.21338706950383
"v_extra_CorticospinaltractR",-1.45204777012763
"v_extra_CorticospinaltractL",4.10821186330221
"v_extra_MediallemniscusR",-11.402469906229
"v_extra_MediallemniscusL",-9.95568057421399
"v_extra_InferiorcerebellarpeduncleR",22.6630257327338
"v_extra_InferiorcerebellarpeduncleL",14.5540256046789
"v_extra_SuperiorcerebellarpeduncleR",-5.28109506451522
"v_extra_SuperiorcerebellarpeduncleL",-4.1454668713762
"v_extra_CerebralpeduncleR",3.38686176858481
"v_extra_CerebralpeduncleL",5.11320862084287
"v_extra_AnteriorlimbofinternalcapsuleR",12.658673891932
"v_extra_AnteriorlimbofinternalcapsuleL",12.5250368987629
"v_extra_.PosteriorlimbofinternalcapsuleR",-4.22537574987691
"v_extra_PosteriorlimbofinternalcapsuleL",14.0686362675883
"v_extra_RetrolenticularpartofinternalcapsuleR",27.6304290470765
"v_extra_RetrolenticularpartofinternalcapsuleL",-23.4695440654455
"v_extra_AnteriorcoronaradiataR",-3.11781590123896
"v_extra_AnteriorcoronaradiataL",-21.0790053281258
"v_extra_SuperiorcoronaradiataR",7.0573571172575
"v_extra_SuperiorcoronaradiataL",-5.91796474019746
"v_extra_PosteriorcoronaradiataR",-7.11634522715352
"v_extra_PosteriorcoronaradiataL",-0.717334392787125
"v_extra_PosteriorthalamicradiationR",21.421269082527
"v_extra_PosteriorthalamicradiationL",-28.7316376569492
"v_extra_SagittalstratumR",24.8041983395605
"v_extra_SagittalstratumL",14.9732163109506
"v_extra_ExternalcapsuleR",16.8927831659183
"v_extra_ExternalcapsuleL",0.312412557672433
"v_extra_CingulumcingulategyrusR",1.32637259590805
"v_extra_CingulumcingulategyrusL",1.74815435145976
"v_extra_CingulumhippocampusR",7.58584690441427
"v_extra_CingulumhippocampusL",8.06125055217544
"v_extra_Fornix_StriaterminalisR",3.42708333683353
"v_extra_Fornix_StriaterminalisL",-3.3522203390674
"v_extra_SuperiorlongitudinalfasciculusR",-0.876661489375254
"v_extra_SuperiorlongitudinalfasciculusL",19.6614372331356
"v_extra_SuperiorfrontooccipitalfasciculusR",-20.618129100515
"v_extra_SuperiorfrontooccipitalfasciculusL",11.478765102712
"v_extra_UncinatefasciculusR",-3.99072534312648
"v_extra_UncinatefasciculusL",-1.62151818492577
"v_extra_TapetumR",4.85712941721799
"v_extra_TapetumL",-0.169004810859251
"v_extra_Mean",-15.9372375959536
"v_extra_CINGL",-9.23900409023725
"v_extra_CINGR",-7.00894695105106
"v_csf_ATRL",25.761976608554
"v_csf_ATRR",-12.6548863568389
"v_csf_CSTL",15.9683363256646
"v_csf_CSTR",-0.707789657342058
"v_csf_CGL",-10.5921883066416
"v_csf_CGR",-5.65895729114773
"v_csf_FMAJ",3.04609997115588
"v_csf_FMIN",9.82110680228291
"v_csf_IFOFL",1.1630845481163
"v_csf_IFOFR",40.5014776225137
"v_csf_ILFL",12.384670232741
"v_csf_ILFR",23.6862144705363
"v_csf_SLFL",33.397328353944
"v_csf_SLFR",14.3749782983228
"v_csf_UFL",-5.64883034577961
"v_csf_UFR",5.58880117194236
"v_csf_SLFTL",-2.53829195434846
"v_csf_SLTFR",12.2699508974747
"v_csf_Middlecerebellarpeduncle",-4.4353999526597
"v_csf_Pontine",3.81431586934165
"v_csf_GenuCC",0.560552482540666
"v_csf_BodyCC",-6.06940376570812
"v_csf_SpleniumCC",8.28366413826686
"v_csf_Fornix",13.0455995296904
"v_csf_CorticospinaltractR",-0.0184672242684657
"v_csf_CorticospinaltractL",-4.20865942209354
"v_csf_MediallemniscusR",-0.333767643221707
"v_csf_MediallemniscusL",-2.19524758144597
"v_csf_InferiorcerebellarpeduncleR",10.0898755076551
"v_csf_InferiorcerebellarpeduncleL",-6.48744320850379
"v_csf_SuperiorcerebellarpeduncleR",4.25137356882978
"v_csf_SuperiorcerebellarpeduncleL",-4.8982228979963
"v_csf_CerebralpeduncleR",1.9571768442068
"v_csf_CerebralpeduncleL",-0.655960019608737
"v_csf_AnteriorlimbofinternalcapsuleR",0.568898614326135
"v_csf_AnteriorlimbofinternalcapsuleL",-2.23056481455196
"v_csf_.PosteriorlimbofinternalcapsuleR",9.96243482130029
"v_csf_PosteriorlimbofinternalcapsuleL",-5.79838330778311
"v_csf_RetrolenticularpartofinternalcapsuleR",-26.0162051703607
"v_csf_RetrolenticularpartofinternalcapsuleL",5.11317788039885
"v_csf_AnteriorcoronaradiataR",-13.1542038523507
"v_csf_AnteriorcoronaradiataL",12.4899826892652
"v_csf_SuperiorcoronaradiataR",9.73983354440565
"v_csf_SuperiorcoronaradiataL",-5.39625267026534
"v_csf_PosteriorcoronaradiataR",12.9404829267155
"v_csf_PosteriorcoronaradiataL",-17.7223027836332
"v_csf_PosteriorthalamicradiationR",-13.326818806895
"v_csf_PosteriorthalamicradiationL",3.33100325019682
"v_csf_SagittalstratumR",4.82299054472174
"v_csf_SagittalstratumL",16.983128232
"v_csf_ExternalcapsuleR",-14.9893702760737
"v_csf_ExternalcapsuleL",5.14208057739015
"v_csf_CingulumcingulategyrusR",9.45888372496446
"v_csf_CingulumcingulategyrusL",7.28070123839341
"v_csf_CingulumhippocampusR",2.40710432880463
"v_csf_CingulumhippocampusL",5.02710796820528
"v_csf_Fornix_StriaterminalisR",-12.7544306350502
"v_csf_Fornix_StriaterminalisL",-8.19230334967433
"v_csf_SuperiorlongitudinalfasciculusR",-3.30538416211767
"v_csf_SuperiorlongitudinalfasciculusL",-5.80856850964849
"v_csf_SuperiorfrontooccipitalfasciculusR",-3.73409520161271
"v_csf_SuperiorfrontooccipitalfasciculusL",-2.15592873312269
"v_csf_UncinatefasciculusR",-1.9833398093638
"v_csf_UncinatefasciculusL",-0.95704968429447
"v_csf_TapetumR",2.97260818655286
"v_csf_TapetumL",-0.295276338401032
"v_csf_Mean",-142.338807762623
"v_csf_CINGL",-7.65302434098236
"v_csf_CINGR",-12.0017375643385
"micro_Rd_ATRL",9.69840206159209
"micro_Rd_ATRR",22.358813495612
"micro_Rd_CSTL",10.7185934417474
"micro_Rd_CSTR",6.76118689616006
"micro_Rd_CGL",22.1084889892524
"micro_Rd_CGR",4.81415428593959
"micro_Rd_FMAJ",-40.4497117798862
"micro_Rd_FMIN",-25.514355833996
"micro_Rd_IFOFL",35.2684882723375
"micro_Rd_IFOFR",35.685346858683
"micro_Rd_ILFL",13.6707959006289
"micro_Rd_ILFR",10.816119756366
"micro_Rd_SLFL",-8.04333855693026
"micro_Rd_SLFR",31.7041113694585
"micro_Rd_UFL",-17.5850176316797
"micro_Rd_UFR",-3.84262365417184
"micro_Rd_SLFTL",0.0498210846201887
"micro_Rd_SLTFR",-6.32479253824357
"micro_Rd_Middlecerebellarpeduncle",8.66243183688187
"micro_Rd_Pontine",-6.02293796356644
"micro_Rd_GenuCC",37.0511005678855
"micro_Rd_BodyCC",-2.61481210770969
"micro_Rd_SpleniumCC",73.7622547395091
"micro_Rd_Fornix",4.31419733134257
"micro_Rd_CorticospinaltractR",3.12700243610847
"micro_Rd_CorticospinaltractL",-6.21381211993992
"micro_Rd_MediallemniscusR",20.1344413485014
"micro_Rd_MediallemniscusL",0.885660758506424
"micro_Rd_InferiorcerebellarpeduncleR",-13.3464430121925
"micro_Rd_InferiorcerebellarpeduncleL",-14.6492697283361
"micro_Rd_SuperiorcerebellarpeduncleR",3.69685052599731
"micro_Rd_SuperiorcerebellarpeduncleL",7.18341146961305
"micro_Rd_CerebralpeduncleR",14.5421398381693
"micro_Rd_CerebralpeduncleL",-10.19549034172
"micro_Rd_AnteriorlimbofinternalcapsuleR",0.221946424773081
"micro_Rd_AnteriorlimbofinternalcapsuleL",-2.08818030374524
"micro_Rd_.PosteriorlimbofinternalcapsuleR",-6.78624406512708
"micro_Rd_PosteriorlimbofinternalcapsuleL",3.18264829918132
"micro_Rd_RetrolenticularpartofinternalcapsuleR",-6.63763065975752
"micro_Rd_RetrolenticularpartofinternalcapsuleL",9.55082784472003
"micro_Rd_AnteriorcoronaradiataR",-0.443435253976428
"micro_Rd_AnteriorcoronaradiataL",2.76927409225307
"micro_Rd_SuperiorcoronaradiataR",-5.83348938547125
"micro_Rd_SuperiorcoronaradiataL",-6.54647873995997
"micro_Rd_PosteriorcoronaradiataR",18.8718292130884
"micro_Rd_PosteriorcoronaradiataL",5.76569729357057
"micro_Rd_PosteriorthalamicradiationR",-29.056508551356
"micro_Rd_PosteriorthalamicradiationL",-4.54042428249095
"micro_Rd_SagittalstratumR",-17.9709004235278
"micro_Rd_SagittalstratumL",-9.92523650962522
"micro_Rd_ExternalcapsuleR",-1.45130980169428
"micro_Rd_ExternalcapsuleL",-6.50756019114883
"micro_Rd_CingulumcingulategyrusR",-0.791506962280835
"micro_Rd_CingulumcingulategyrusL",-0.00906197048555601
"micro_Rd_CingulumhippocampusR",7.94549512719845
"micro_Rd_CingulumhippocampusL",-26.5278846841231
"micro_Rd_Fornix_StriaterminalisR",-10.3859907370259
"micro_Rd_Fornix_StriaterminalisL",0.944379183058618
"micro_Rd_SuperiorlongitudinalfasciculusR",-3.77308952849673
"micro_Rd_SuperiorlongitudinalfasciculusL",-18.653498787811
"micro_Rd_SuperiorfrontooccipitalfasciculusR",2.51508793500979
"micro_Rd_SuperiorfrontooccipitalfasciculusL",-7.75881926505637
"micro_Rd_UncinatefasciculusR",-0.402984524004102
"micro_Rd_UncinatefasciculusL",2.21401949540563
"micro_Rd_TapetumR",-0.105147590283807
"micro_Rd_TapetumL",-1.32714627905254
"micro_Rd_Mean",-58.6831801175761
"micro_Rd_CINGL",13.1363719124415
"micro_Rd_CINGR",12.2760946906467
"micro_FA_ATRL",242.173318327288
"micro_FA_ATRR",-131.92258784411
"micro_FA_CSTL",22.6604874823861
"micro_FA_CSTR",4.31298703638228
"micro_FA_CGL",77.2467256092428
"micro_FA_CGR",32.4680956081198
"micro_FA_FMAJ",-66.4009806584614
"micro_FA_FMIN",19.6807615759087
"micro_FA_IFOFL",118.502139819011
"micro_FA_IFOFR",-55.4656990232584
"micro_FA_ILFL",-120.491868505374
"micro_FA_ILFR",321.63843961837
"micro_FA_SLFL",-27.5560396004182
"micro_FA_SLFR",117.368911627301
"micro_FA_UFL",106.896183154267
"micro_FA_UFR",-15.2548760330387
"micro_FA_SLFTL",30.6015582218921
"micro_FA_SLTFR",26.6283002534376
"micro_FA_Middlecerebellarpeduncle",64.5203831595708
"micro_FA_Pontine",-10.3834036616454
"micro_FA_GenuCC",78.3749838128457
"micro_FA_BodyCC",-140.614654527544
"micro_FA_SpleniumCC",209.142689783039
"micro_FA_Fornix",13.6227082270244
"micro_FA_CorticospinaltractR",16.7946911601899
"micro_FA_CorticospinaltractL",-8.73696498796179
"micro_FA_MediallemniscusR",46.1285750527204
"micro_FA_MediallemniscusL",30.4635470148676
"micro_FA_InferiorcerebellarpeduncleR",-78.6152149245982
"micro_FA_InferiorcerebellarpeduncleL",-25.5169869477798
"micro_FA_SuperiorcerebellarpeduncleR",-28.066245957399
"micro_FA_SuperiorcerebellarpeduncleL",-19.2705607296169
"micro_FA_CerebralpeduncleR",-2.45570839021037
"micro_FA_CerebralpeduncleL",0.148327408996916
"micro_FA_AnteriorlimbofinternalcapsuleR",65.4794426040534
"micro_FA_AnteriorlimbofinternalcapsuleL",-79.0816464371192
"micro_FA_.PosteriorlimbofinternalcapsuleR",-180.389870173649
"micro_FA_PosteriorlimbofinternalcapsuleL",37.2304327901677
"micro_FA_RetrolenticularpartofinternalcapsuleR",-69.9939951860554
"micro_FA_RetrolenticularpartofinternalcapsuleL",-118.132882971838
"micro_FA_AnteriorcoronaradiataR",-38.6910463367787
"micro_FA_AnteriorcoronaradiataL",-29.7387673701205
"micro_FA_SuperiorcoronaradiataR",109.561248686496
"micro_FA_SuperiorcoronaradiataL",-30.6768535608153
"micro_FA_PosteriorcoronaradiataR",33.2899699942136
"micro_FA_PosteriorcoronaradiataL",-74.9018779543307
"micro_FA_PosteriorthalamicradiationR",-24.7371174987099
"micro_FA_PosteriorthalamicradiationL",-101.206328032131
"micro_FA_SagittalstratumR",-134.193494861431
"micro_FA_SagittalstratumL",91.2671137675271
"micro_FA_ExternalcapsuleR",3.752164308672
"micro_FA_ExternalcapsuleL",-141.676059626957
"micro_FA_CingulumcingulategyrusR",65.9840641599787
"micro_FA_CingulumcingulategyrusL",-33.0236399916687
"micro_FA_CingulumhippocampusR",-15.9422802867257
"micro_FA_CingulumhippocampusL",-78.2964591705769
"micro_FA_Fornix_StriaterminalisR",-29.0216584148753
"micro_FA_Fornix_StriaterminalisL",-60.659009992987
"micro_FA_SuperiorlongitudinalfasciculusR",-73.1388911028734
"micro_FA_SuperiorlongitudinalfasciculusL",-10.5280210810972
"micro_FA_SuperiorfrontooccipitalfasciculusR",-69.2371675970365
"micro_FA_SuperiorfrontooccipitalfasciculusL",8.32368950518243
"micro_FA_UncinatefasciculusR",-70.5759152947579
"micro_FA_UncinatefasciculusL",18.7356181173903
"micro_FA_TapetumR",-41.0344143628466
"micro_FA_TapetumL",1.5219746930808
"micro_FA_Mean",-61.3575891436152
"micro_FA_CINGL",67.6207866716263
"micro_FA_CINGR",-17.5931847543802
"micro_Ax_ATRL",-41.1070645429452
"micro_Ax_ATRR",-65.597196218645
"micro_Ax_CSTL",-35.846060286578
"micro_Ax_CSTR",72.3244332652278
"micro_Ax_CGL",-46.0596924143229
"micro_Ax_CGR",0.00914832349586165
"micro_Ax_FMAJ",63.7615514342772
"micro_Ax_FMIN",40.9476516250881
"micro_Ax_IFOFL",34.1731699931714
"micro_Ax_IFOFR",-83.1512839717448
"micro_Ax_ILFL",40.1824830793505
"micro_Ax_ILFR",48.4172995480416
"micro_Ax_SLFL",-20.6011988131593
"micro_Ax_SLFR",75.0648982659897
"micro_Ax_UFL",23.3663442114045
"micro_Ax_UFR",-21.9933073798627
"micro_Ax_SLFTL",1.67968977102077
"micro_Ax_SLTFR",-3.82512877204403
"micro_Ax_Middlecerebellarpeduncle",17.1607121520692
"micro_Ax_Pontine",14.3267157259478
"micro_Ax_GenuCC",-57.2727523915393
"micro_Ax_BodyCC",-11.6358473549584
"micro_Ax_SpleniumCC",-16.540866216405
"micro_Ax_Fornix",-0.219727024432391
"micro_Ax_CorticospinaltractR",-0.698390014013203
"micro_Ax_CorticospinaltractL",0.646267494468203
"micro_Ax_MediallemniscusR",10.7814292728069
"micro_Ax_MediallemniscusL",-22.4569033741973
"micro_Ax_InferiorcerebellarpeduncleR",-12.3672166963697
"micro_Ax_InferiorcerebellarpeduncleL",41.452600648267
"micro_Ax_SuperiorcerebellarpeduncleR",-28.1158800598283
"micro_Ax_SuperiorcerebellarpeduncleL",30.1976457876308
"micro_Ax_CerebralpeduncleR",-7.65287095177574
"micro_Ax_CerebralpeduncleL",29.4545897334146
"micro_Ax_AnteriorlimbofinternalcapsuleR",34.2649157879124
"micro_Ax_AnteriorlimbofinternalcapsuleL",22.8204362281753
"micro_Ax_.PosteriorlimbofinternalcapsuleR",-88.4921344463308
"micro_Ax_PosteriorlimbofinternalcapsuleL",5.68969741811361
"micro_Ax_RetrolenticularpartofinternalcapsuleR",44.64719665252
"micro_Ax_RetrolenticularpartofinternalcapsuleL",-100.255273900509
"micro_Ax_AnteriorcoronaradiataR",49.3784031016135
"micro_Ax_AnteriorcoronaradiataL",-38.0594616941088
"micro_Ax_SuperiorcoronaradiataR",39.6273189508797
"micro_Ax_SuperiorcoronaradiataL",6.39952880477948
"micro_Ax_PosteriorcoronaradiataR",-47.2993465433095
"micro_Ax_PosteriorcoronaradiataL",21.016941333733
"micro_Ax_PosteriorthalamicradiationR",-25.2149391624619
"micro_Ax_PosteriorthalamicradiationL",-50.3592617468548
"micro_Ax_SagittalstratumR",-2.93304902414571
"micro_Ax_SagittalstratumL",-27.0875411256702
"micro_Ax_ExternalcapsuleR",63.9584799842756
"micro_Ax_ExternalcapsuleL",1.44221195403334
"micro_Ax_CingulumcingulategyrusR",-31.8287435677121
"micro_Ax_CingulumcingulategyrusL",21.4245763777028
"micro_Ax_CingulumhippocampusR",-65.8785414151051
"micro_Ax_CingulumhippocampusL",29.1143365560239
"micro_Ax_Fornix_StriaterminalisR",38.914157501434
"micro_Ax_Fornix_StriaterminalisL",-22.043688557956
"micro_Ax_SuperiorlongitudinalfasciculusR",-45.1459605184401
"micro_Ax_SuperiorlongitudinalfasciculusL",-14.6519380575916
"micro_Ax_SuperiorfrontooccipitalfasciculusR",-17.2605244340669
"micro_Ax_SuperiorfrontooccipitalfasciculusL",4.57739832050168
"micro_Ax_UncinatefasciculusR",-6.01291415590122
"micro_Ax_UncinatefasciculusL",-6.34795806113811
"micro_Ax_TapetumR",8.08011059847193
"micro_Ax_TapetumL",13.7252759921543
"micro_Ax_Mean",60.0814072536772
"micro_Ax_CINGL",-5.58316270940852
"micro_Ax_CINGR",30.4003867600778
"micro_ADC_ATRL",229.879456896204
"micro_ADC_ATRR",-43.1759197554529
"micro_ADC_CSTL",-106.865124526731
"micro_ADC_CSTR",20.450609759115
"micro_ADC_CGL",27.1680205137423
"micro_ADC_CGR",168.156430508913
"micro_ADC_FMAJ",-52.8531455251744
"micro_ADC_FMIN",-26.8314827510135
"micro_ADC_IFOFL",50.2829278718858
"micro_ADC_IFOFR",-105.66431535172
"micro_ADC_ILFL",-155.527849590111
"micro_ADC_ILFR",50.5021534571355
"micro_ADC_SLFL",-53.9862743346281
"micro_ADC_SLFR",173.095813925257
"micro_ADC_UFL",-0.618586637783714
"micro_ADC_UFR",11.58165057823
"micro_ADC_SLFTL",37.5539693108708
"micro_ADC_SLTFR",-22.5714459103307
"micro_ADC_Middlecerebellarpeduncle",20.253038796981
"micro_ADC_Pontine",-6.39371813506944
"micro_ADC_GenuCC",52.0667452506847
"micro_ADC_BodyCC",-28.0981994458422
"micro_ADC_SpleniumCC",-65.076992429728
"micro_ADC_Fornix",-3.54360319847526
"micro_ADC_CorticospinaltractR",-9.70627399352801
"micro_ADC_CorticospinaltractL",11.7332798189263
"micro_ADC_MediallemniscusR",-8.0602542156774
"micro_ADC_MediallemniscusL",16.9677309282944
"micro_ADC_InferiorcerebellarpeduncleR",-0.879721400835862
"micro_ADC_InferiorcerebellarpeduncleL",-20.4635548039777
"micro_ADC_SuperiorcerebellarpeduncleR",2.10046808791298
"micro_ADC_SuperiorcerebellarpeduncleL",-26.8304568796456
"micro_ADC_CerebralpeduncleR",-0.9808137119493
"micro_ADC_CerebralpeduncleL",-10.6210319805138
"micro_ADC_AnteriorlimbofinternalcapsuleR",15.4818995613632
"micro_ADC_AnteriorlimbofinternalcapsuleL",-59.149170709129
"micro_ADC_.PosteriorlimbofinternalcapsuleR",23.7552025207358
"micro_ADC_PosteriorlimbofinternalcapsuleL",-21.1291534815568
"micro_ADC_RetrolenticularpartofinternalcapsuleR",-15.0425920987711
"micro_ADC_RetrolenticularpartofinternalcapsuleL",23.1930412251781
"micro_ADC_AnteriorcoronaradiataR",-32.098588481198
"micro_ADC_AnteriorcoronaradiataL",30.9505264469506
"micro_ADC_SuperiorcoronaradiataR",33.7015164694956
"micro_ADC_SuperiorcoronaradiataL",-15.2837374310567
"micro_ADC_PosteriorcoronaradiataR",9.07997347514218
"micro_ADC_PosteriorcoronaradiataL",-68.8683169221935
"micro_ADC_PosteriorthalamicradiationR",48.7947783929918
"micro_ADC_PosteriorthalamicradiationL",9.89366437418089
"micro_ADC_SagittalstratumR",-22.8639364065493
"micro_ADC_SagittalstratumL",48.2431066477274
"micro_ADC_ExternalcapsuleR",-10.2163967316937
"micro_ADC_ExternalcapsuleL",-45.9226630668676
"micro_ADC_CingulumcingulategyrusR",-65.3673612907886
"micro_ADC_CingulumcingulategyrusL",-28.0186240543768
"micro_ADC_CingulumhippocampusR",-3.19604330375898
"micro_ADC_CingulumhippocampusL",-10.6837921673149
"micro_ADC_Fornix_StriaterminalisR",-11.7238946176983
"micro_ADC_Fornix_StriaterminalisL",-9.58505549559501
"micro_ADC_SuperiorlongitudinalfasciculusR",-46.7511175972388
"micro_ADC_SuperiorlongitudinalfasciculusL",8.55027781980767
"micro_ADC_SuperiorfrontooccipitalfasciculusR",-7.56218007753542
"micro_ADC_SuperiorfrontooccipitalfasciculusL",2.37557643360573
"micro_ADC_UncinatefasciculusR",-13.9530866240128
"micro_ADC_UncinatefasciculusL",9.49648891678029
"micro_ADC_TapetumR",-19.0493381589283
"micro_ADC_TapetumL",-7.03747033228888
"micro_ADC_Mean",-12.8763980190627
"micro_ADC_CINGL",-4.18865197067842
"micro_ADC_CINGR",28.1790220634797
"Dax_intra_ATRL",39.8879039107719
"Dax_intra_ATRR",-9.28301451445746
"Dax_intra_CSTL",12.8894697413749
"Dax_intra_CSTR",6.28370307972978
"Dax_intra_CGL",18.2797699037811
"Dax_intra_CGR",-20.5533215188878
"Dax_intra_FMAJ",-122.050009321606
"Dax_intra_FMIN",-38.6393792474472
"Dax_intra_IFOFL",-61.0436053557667
"Dax_intra_IFOFR",67.9329136774806
"Dax_intra_ILFL",-46.9010283414136
"Dax_intra_ILFR",-13.0680848630911
"Dax_intra_SLFL",52.0538568476926
"Dax_intra_SLFR",-51.6962220312181
"Dax_intra_UFL",-24.2397376229334
"Dax_intra_UFR",-29.9198176226394
"Dax_intra_SLFTL",-9.54446338113281
"Dax_intra_SLTFR",2.38140259416878
"Dax_intra_Middlecerebellarpeduncle",5.71877421339037
"Dax_intra_Pontine",-0.672134555950004
"Dax_intra_GenuCC",49.333217683585
"Dax_intra_BodyCC",-26.9848827372901
"Dax_intra_SpleniumCC",73.5321677905227
"Dax_intra_Fornix",3.63504392767463
"Dax_intra_CorticospinaltractR",-15.2765059343419
"Dax_intra_CorticospinaltractL",-6.52210006776113
"Dax_intra_MediallemniscusR",-2.5747342809273
"Dax_intra_MediallemniscusL",0.74345271796976
"Dax_intra_InferiorcerebellarpeduncleR",-4.28305218825281
"Dax_intra_InferiorcerebellarpeduncleL",-21.6138304576937
"Dax_intra_SuperiorcerebellarpeduncleR",6.48697809295895
"Dax_intra_SuperiorcerebellarpeduncleL",9.14542596879362
"Dax_intra_CerebralpeduncleR",11.5113704449374
"Dax_intra_CerebralpeduncleL",-24.3607339767157
"Dax_intra_AnteriorlimbofinternalcapsuleR",-28.0091157487902
"Dax_intra_AnteriorlimbofinternalcapsuleL",-13.992520652093
"Dax_intra_.PosteriorlimbofinternalcapsuleR",133.241899575869
"Dax_intra_PosteriorlimbofinternalcapsuleL",-27.261847176769
"Dax_intra_RetrolenticularpartofinternalcapsuleR",-60.1317798685175
"Dax_intra_RetrolenticularpartofinternalcapsuleL",58.20379332847
"Dax_intra_AnteriorcoronaradiataR",14.3863621823317
"Dax_intra_AnteriorcoronaradiataL",25.5014851242158
"Dax_intra_SuperiorcoronaradiataR",-15.5820724045414
"Dax_intra_SuperiorcoronaradiataL",-0.180670153735283
"Dax_intra_PosteriorcoronaradiataR",25.0806842430263
"Dax_intra_PosteriorcoronaradiataL",-34.7096124129563
"Dax_intra_PosteriorthalamicradiationR",25.1243813608526
"Dax_intra_PosteriorthalamicradiationL",73.2213038920387
"Dax_intra_SagittalstratumR",14.703684047832
"Dax_intra_SagittalstratumL",12.2092023104323
"Dax_intra_ExternalcapsuleR",-18.7328175986014
"Dax_intra_ExternalcapsuleL",13.0890442380103
"Dax_intra_CingulumcingulategyrusR",-7.05267585112409
"Dax_intra_CingulumcingulategyrusL",-15.0649350546248
"Dax_intra_CingulumhippocampusR",9.38783139443744
"Dax_intra_CingulumhippocampusL",-11.017259185591
"Dax_intra_Fornix_StriaterminalisR",-3.92599167270495
"Dax_intra_Fornix_StriaterminalisL",15.7042038964584
"Dax_intra_SuperiorlongitudinalfasciculusR",-33.0217892102997
"Dax_intra_SuperiorlongitudinalfasciculusL",-13.3979951523254
"Dax_intra_SuperiorfrontooccipitalfasciculusR",5.38210512974151
"Dax_intra_SuperiorfrontooccipitalfasciculusL",-11.7555345027029
"Dax_intra_UncinatefasciculusR",23.7797971222726
"Dax_intra_UncinatefasciculusL",-10.5666497843562
"Dax_intra_TapetumR",2.65345830718003
"Dax_intra_TapetumL",-6.64089675829558
"Dax_intra_Mean",81.8158379606795
"Dax_intra_CINGL",-15.2192657314939
"Dax_intra_CINGR",19.0760433838332
"Dax_extra_ATRL",-10.5479032924603
"Dax_extra_ATRR",172.457826318843
"Dax_extra_CSTL",62.220670840021
"Dax_extra_CSTR",-131.322798835796
"Dax_extra_CGL",-39.7394406621609
"Dax_extra_CGR",17.7211813486358
"Dax_extra_FMAJ",109.118741219762
"Dax_extra_FMIN",-24.4891470236056
"Dax_extra_IFOFL",-21.1290807421911
"Dax_extra_IFOFR",-18.192307057113
"Dax_extra_ILFL",43.8180128454319
"Dax_extra_ILFR",-74.1997377173163
"Dax_extra_SLFL",-53.7314287917762
"Dax_extra_SLFR",-31.0580354079183
"Dax_extra_UFL",-25.3053988729289
"Dax_extra_UFR",36.1225457016026
"Dax_extra_SLFTL",-14.2679033801399
"Dax_extra_SLTFR",-6.16518601551258
"Dax_extra_Middlecerebellarpeduncle",-70.3914901769339
"Dax_extra_Pontine",-7.3582015244365
"Dax_extra_GenuCC",2.16116679916908
"Dax_extra_BodyCC",71.7676578203248
"Dax_extra_SpleniumCC",-100.350840078612
"Dax_extra_Fornix",-0.638764374585268
"Dax_extra_CorticospinaltractR",26.0609772926873
"Dax_extra_CorticospinaltractL",-0.0255264646113338
"Dax_extra_MediallemniscusR",-12.3772848795385
"Dax_extra_MediallemniscusL",-4.70162983064977
"Dax_extra_InferiorcerebellarpeduncleR",15.3204239139354
"Dax_extra_InferiorcerebellarpeduncleL",12.5152840541372
"Dax_extra_SuperiorcerebellarpeduncleR",12.0341949882402
"Dax_extra_SuperiorcerebellarpeduncleL",-31.0477110485453
"Dax_extra_CerebralpeduncleR",-2.74981479573908
"Dax_extra_CerebralpeduncleL",2.87557306360978
"Dax_extra_AnteriorlimbofinternalcapsuleR",-39.1875447630282
"Dax_extra_AnteriorlimbofinternalcapsuleL",-17.9775697192177
"Dax_extra_.PosteriorlimbofinternalcapsuleR",-112.204686501622
"Dax_extra_PosteriorlimbofinternalcapsuleL",47.0678458342921
"Dax_extra_RetrolenticularpartofinternalcapsuleR",50.7474833971916
"Dax_extra_RetrolenticularpartofinternalcapsuleL",38.4822673835915
"Dax_extra_AnteriorcoronaradiataR",-11.0931828803509
"Dax_extra_AnteriorcoronaradiataL",15.329269907371
"Dax_extra_SuperiorcoronaradiataR",-8.35552856163217
"Dax_extra_SuperiorcoronaradiataL",17.611526917417
"Dax_extra_PosteriorcoronaradiataR",23.8262216496266
"Dax_extra_PosteriorcoronaradiataL",29.9452225124838
"Dax_extra_PosteriorthalamicradiationR",4.55073819795327
"Dax_extra_PosteriorthalamicradiationL",-29.4595620555449
"Dax_extra_SagittalstratumR",6.86973555293257
"Dax_extra_SagittalstratumL",1.01336829182321
"Dax_extra_ExternalcapsuleR",-16.2204504843345
"Dax_extra_ExternalcapsuleL",14.5981303153985
"Dax_extra_CingulumcingulategyrusR",-8.9930120553582
"Dax_extra_CingulumcingulategyrusL",38.4151993010296
"Dax_extra_CingulumhippocampusR",42.9583510864306
"Dax_extra_CingulumhippocampusL",-2.08988543810319
"Dax_extra_Fornix_StriaterminalisR",-16.1405366531595
"Dax_extra_Fornix_StriaterminalisL",26.3375462086032
"Dax_extra_SuperiorlongitudinalfasciculusR",101.474132938484
"Dax_extra_SuperiorlongitudinalfasciculusL",32.6138112209398
"Dax_extra_SuperiorfrontooccipitalfasciculusR",25.7398369003628
"Dax_extra_SuperiorfrontooccipitalfasciculusL",5.82063659186911
"Dax_extra_UncinatefasciculusR",-24.0707439497638
"Dax_extra_UncinatefasciculusL",27.2027861885926
"Dax_extra_TapetumR",-7.07875686913149
"Dax_extra_TapetumL",2.58592416992554
"Dax_extra_Mean",-210.952003431475
"Dax_extra_CINGL",21.3569350934134
"Dax_extra_CINGR",-30.7618932585734
"mk_ATRL",73.2224206132593
"mk_ATRR",-0.153592956746863
"mk_CSTL",28.1703918201106
"mk_CSTR",-48.4020438984274
"mk_CGL",35.1302159212295
"mk_CGR",19.5580571879866
"mk_FMAJ",-24.3513136936498
"mk_FMIN",-31.2632848511447
"mk_IFOFL",64.8961952356502
"mk_IFOFR",-9.45648905755226
"mk_ILFL",-12.343021260455
"mk_ILFR",82.5986520393373
"mk_SLFL",-38.1768910022597
"mk_SLFR",-3.11507798944855
"mk_UFL",-26.3329456332299
"mk_UFR",-38.9343103650457
"mk_SLFTL",6.11086558003924
"mk_SLTFR",-5.38512356790761
"mk_Middlecerebellarpeduncle",11.0012961966767
"mk_Pontine",-8.78468691439393
"mk_GenuCC",15.4364811220573
"mk_BodyCC",-8.58881747738221
"mk_SpleniumCC",6.85898236978863
"mk_Fornix",22.4405561245084
"mk_CorticospinaltractR",-2.79875699310749
"mk_CorticospinaltractL",-8.30211892007715
"mk_MediallemniscusR",21.4792429125243
"mk_MediallemniscusL",4.96617526736899
"mk_InferiorcerebellarpeduncleR",-7.99661824862591
"mk_InferiorcerebellarpeduncleL",-3.23250578776204
"mk_SuperiorcerebellarpeduncleR",-2.19624585282489
"mk_SuperiorcerebellarpeduncleL",2.01490714361891
"mk_CerebralpeduncleR",19.4300942065311
"mk_CerebralpeduncleL",12.6128957833372
"mk_AnteriorlimbofinternalcapsuleR",-17.2455346276612
"mk_AnteriorlimbofinternalcapsuleL",7.51531423508844
"mk_.PosteriorlimbofinternalcapsuleR",21.7177442451895
"mk_PosteriorlimbofinternalcapsuleL",10.0282044377751
"mk_RetrolenticularpartofinternalcapsuleR",-1.13486356570614
"mk_RetrolenticularpartofinternalcapsuleL",-38.6135767895639
"mk_AnteriorcoronaradiataR",28.6113302027046
"mk_AnteriorcoronaradiataL",-13.455683739716
"mk_SuperiorcoronaradiataR",35.9070498149592
"mk_SuperiorcoronaradiataL",-16.7887387458737
"mk_PosteriorcoronaradiataR",17.7513230562482
"mk_PosteriorcoronaradiataL",-31.6647926521357
"mk_PosteriorthalamicradiationR",9.35696851544686
"mk_PosteriorthalamicradiationL",25.403597550993
"mk_SagittalstratumR",-23.3936598892386
"mk_SagittalstratumL",-5.21744255703345
"mk_ExternalcapsuleR",4.87394520801166
"mk_ExternalcapsuleL",21.1889337382398
"mk_CingulumcingulategyrusR",-9.30868615840789
"mk_CingulumcingulategyrusL",-9.8375676010958
"mk_CingulumhippocampusR",-8.43914541398059
"mk_CingulumhippocampusL",11.8291037588266
"mk_Fornix_StriaterminalisR",9.90341126334685
"mk_Fornix_StriaterminalisL",2.07846939887137
"mk_SuperiorlongitudinalfasciculusR",-9.77472886190092
"mk_SuperiorlongitudinalfasciculusL",20.5167781244422
"mk_SuperiorfrontooccipitalfasciculusR",-3.15134027594115
"mk_SuperiorfrontooccipitalfasciculusL",-8.06002059116028
"mk_UncinatefasciculusR",2.1739673010129
"mk_UncinatefasciculusL",2.98126654780645
"mk_TapetumR",-2.99685569992711
"mk_TapetumL",1.90050916557882
"mk_Mean",-10.3807928424469
"mk_CINGL",-29.8485409706392
"mk_CINGR",18.0846189697527
"rk_ATRL",-2.5604382376963
"rk_ATRR",13.5723124968331
"rk_CSTL",5.48475224618839
"rk_CSTR",15.8534736130767
"rk_CGL",3.89240184449253
"rk_CGR",9.61330166544658
"rk_FMAJ",15.6454840799277
"rk_FMIN",2.81979559099239
"rk_IFOFL",4.62645843319267
"rk_IFOFR",7.87723755785357
"rk_ILFL",19.0232785817285
"rk_ILFR",3.22259652560451
"rk_SLFL",34.3927606172562
"rk_SLFR",13.3989247526002
"rk_UFL",6.791517633387
"rk_UFR",-1.95004550247747
"rk_SLFTL",1.31223856870633
"rk_SLTFR",-1.07775658801675
"rk_Middlecerebellarpeduncle",6.56205032572722
"rk_Pontine",-1.04825922531471
"rk_GenuCC",0.173551299097721
"rk_BodyCC",7.77210822182873
"rk_SpleniumCC",-2.4187560044464
"rk_Fornix",0.411164636229339
"rk_CorticospinaltractR",0.71652378376066
"rk_CorticospinaltractL",2.01655604131508
"rk_MediallemniscusR",-3.45101855541766
"rk_MediallemniscusL",-0.41614303114913
"rk_InferiorcerebellarpeduncleR",-0.145334545364663
"rk_InferiorcerebellarpeduncleL",0.468806146007349
"rk_SuperiorcerebellarpeduncleR",0.437151519002506
"rk_SuperiorcerebellarpeduncleL",-0.99690915965946
"rk_CerebralpeduncleR",-2.74976625116405
"rk_CerebralpeduncleL",-2.22423594611447
"rk_AnteriorlimbofinternalcapsuleR",-3.57030806304209
"rk_AnteriorlimbofinternalcapsuleL",-3.52450425441527
"rk_.PosteriorlimbofinternalcapsuleR",-8.00035776477146
"rk_PosteriorlimbofinternalcapsuleL",-2.85847495539285
"rk_RetrolenticularpartofinternalcapsuleR",1.16222500834128
"rk_RetrolenticularpartofinternalcapsuleL",0.919371768178636
"rk_AnteriorcoronaradiataR",1.76060526055387
"rk_AnteriorcoronaradiataL",-9.83216934110893
"rk_SuperiorcoronaradiataR",-1.90405106804793
"rk_SuperiorcoronaradiataL",0.905962299225916
"rk_PosteriorcoronaradiataR",-7.90638669992195
"rk_PosteriorcoronaradiataL",3.66982284622187
"rk_PosteriorthalamicradiationR",-1.95377143966718
"rk_PosteriorthalamicradiationL",-7.63734824834281
"rk_SagittalstratumR",4.08117668427175
"rk_SagittalstratumL",-1.82189897191288
"rk_ExternalcapsuleR",-6.36869164536937
"rk_ExternalcapsuleL",-17.3024879589122
"rk_CingulumcingulategyrusR",-5.09828644851612
"rk_CingulumcingulategyrusL",-1.16867080876229
"rk_CingulumhippocampusR",-2.91291167055039
"rk_CingulumhippocampusL",-6.39387964485791
"rk_Fornix_StriaterminalisR",-1.77974111642842
"rk_Fornix_StriaterminalisL",-3.4205638727996
"rk_SuperiorlongitudinalfasciculusR",3.86876389525799
"rk_SuperiorlongitudinalfasciculusL",-3.92083765590557
"rk_SuperiorfrontooccipitalfasciculusR",1.4700693082549
"rk_SuperiorfrontooccipitalfasciculusL",1.08460949682495
"rk_UncinatefasciculusR",-3.52946862988861
"rk_UncinatefasciculusL",-0.630260028216962
"rk_TapetumR",0.911503015686668
"rk_TapetumL",0.46820052725538
"rk_Mean",-153.834826220953
"rk_CINGL",8.15981229640073
"rk_CINGR",0.474523605139889
"ak_ATRL",-4.75175656473303
"ak_ATRR",-8.76585883639922
"ak_CSTL",-17.9893832576031
"ak_CSTR",-25.6158133780018
"ak_CGL",2.51741322792885
"ak_CGR",1.78311031435541
"ak_FMAJ",24.9859852951865
"ak_FMIN",-16.2115594919828
"ak_IFOFL",3.26300212967361
"ak_IFOFR",2.13349286198259
"ak_ILFL",0.646532571172179
"ak_ILFR",6.80236075305682
"ak_SLFL",-14.3576907407573
"ak_SLFR",-5.62131477182605
"ak_UFL",5.55094139336664
"ak_UFR",1.77307660998989
"ak_SLFTL",-3.1400756462571
"ak_SLTFR",-8.20899869036456
"ak_Middlecerebellarpeduncle",-0.958900558912223
"ak_Pontine",4.67281415051917
"ak_GenuCC",-8.37201914222617
"ak_BodyCC",-10.9550736978466
"ak_SpleniumCC",-19.5594168333324
"ak_Fornix",8.80460286756969
"ak_CorticospinaltractR",-1.68608981029725
"ak_CorticospinaltractL",-1.03332459363001
"ak_MediallemniscusR",0.962813743709465
"ak_MediallemniscusL",-1.22765787248443
"ak_InferiorcerebellarpeduncleR",4.13790860483824
"ak_InferiorcerebellarpeduncleL",3.57010309139224
"ak_SuperiorcerebellarpeduncleR",-7.11438815781191
"ak_SuperiorcerebellarpeduncleL",-5.37964812176365
"ak_CerebralpeduncleR",-3.13147167137684
"ak_CerebralpeduncleL",2.28939663079157
"ak_AnteriorlimbofinternalcapsuleR",-21.7770584778298
"ak_AnteriorlimbofinternalcapsuleL",-13.7271488675175
"ak_.PosteriorlimbofinternalcapsuleR",-3.96905854813936
"ak_PosteriorlimbofinternalcapsuleL",-8.72254955413891
"ak_RetrolenticularpartofinternalcapsuleR",5.77624081916164
"ak_RetrolenticularpartofinternalcapsuleL",-0.266461217696585
"ak_AnteriorcoronaradiataR",-9.5980882517655
"ak_AnteriorcoronaradiataL",3.81879197564904
"ak_SuperiorcoronaradiataR",7.78507023840611
"ak_SuperiorcoronaradiataL",4.74637174561425
"ak_PosteriorcoronaradiataR",1.90248920252603
"ak_PosteriorcoronaradiataL",6.35706720144578
"ak_PosteriorthalamicradiationR",-8.50658831682588
"ak_PosteriorthalamicradiationL",-5.1059840368461
"ak_SagittalstratumR",-0.266350117505901
"ak_SagittalstratumL",-3.08535433044551
"ak_ExternalcapsuleR",-7.87749071535712
"ak_ExternalcapsuleL",-5.28141581984246
"ak_CingulumcingulategyrusR",-1.508630710078
"ak_CingulumcingulategyrusL",-3.94808931812341
"ak_CingulumhippocampusR",-3.64661466042675
"ak_CingulumhippocampusL",-6.92157896614318
"ak_Fornix_StriaterminalisR",-0.283779151947543
"ak_Fornix_StriaterminalisL",0.540782552293913
"ak_SuperiorlongitudinalfasciculusR",-2.85993821576037
"ak_SuperiorlongitudinalfasciculusL",0.522861238394076
"ak_SuperiorfrontooccipitalfasciculusR",-1.40143046668383
"ak_SuperiorfrontooccipitalfasciculusL",-1.39649325828243
"ak_UncinatefasciculusR",-0.945998904800159
"ak_UncinatefasciculusL",-2.84832445498564
"ak_TapetumR",-1.17135429524094
"ak_TapetumL",0.462957474170696
"ak_Mean",-53.6859994782822
"ak_CINGL",13.7593781059331
"ak_CINGR",7.18940443158705
"FA_ATRL",132.257736875776
"FA_ATRR",11.0804375987177
"FA_CSTL",17.7133380201296
"FA_CSTR",17.3062630650388
"FA_CGL",-3.19580783848971
"FA_CGR",26.72769307694
"FA_FMAJ",-21.8504884305043
"FA_FMIN",-173.802388478295
"FA_IFOFL",-52.1798071584646
"FA_IFOFR",-28.8162669514617
"FA_ILFL",-9.45912775759409
"FA_ILFR",-31.8792693174945
"FA_SLFL",-41.6429410089788
"FA_SLFR",-26.1088329222072
"FA_UFL",-71.0550712975566
"FA_UFR",-44.8292158885271
"FA_SLFTL",-10.9818238300778
"FA_SLTFR",15.1978871085271
"FA_Middlecerebellarpeduncle",-32.3552365697806
"FA_Pontine",-11.8026656824288
"FA_GenuCC",23.4345927710822
"FA_BodyCC",-50.6758151411029
"FA_SpleniumCC",-23.7469241552668
"FA_Fornix",-1.50897665061173
"FA_CorticospinaltractR",1.07167739623032
"FA_CorticospinaltractL",-14.1514344903035
"FA_MediallemniscusR",5.55879845944304
"FA_MediallemniscusL",-9.27695203473857
"FA_InferiorcerebellarpeduncleR",-1.48732654054475
"FA_InferiorcerebellarpeduncleL",1.46792355297582
"FA_SuperiorcerebellarpeduncleR",29.7411739939446
"FA_SuperiorcerebellarpeduncleL",19.3359885925643
"FA_CerebralpeduncleR",-6.77026753476444
"FA_CerebralpeduncleL",-11.8571421852222
"FA_AnteriorlimbofinternalcapsuleR",-22.4661851560197
"FA_AnteriorlimbofinternalcapsuleL",-29.3494489355488
"FA_.PosteriorlimbofinternalcapsuleR",-36.312983216588
"FA_PosteriorlimbofinternalcapsuleL",-10.4806569971046
"FA_RetrolenticularpartofinternalcapsuleR",-14.6594026581896
"FA_RetrolenticularpartofinternalcapsuleL",15.1313494869894
"FA_AnteriorcoronaradiataR",21.6620333957303
"FA_AnteriorcoronaradiataL",-34.8592966718075
"FA_SuperiorcoronaradiataR",-22.6954274840162
"FA_SuperiorcoronaradiataL",-31.5770116531121
"FA_PosteriorcoronaradiataR",-5.140032840035
"FA_PosteriorcoronaradiataL",-2.61313565099491
"FA_PosteriorthalamicradiationR",38.2991070988968
"FA_PosteriorthalamicradiationL",37.5618634792001
"FA_SagittalstratumR",-10.7605214559477
"FA_SagittalstratumL",-12.2237571077104
"FA_ExternalcapsuleR",-18.5290995059811
"FA_ExternalcapsuleL",-14.9777882308052
"FA_CingulumcingulategyrusR",31.7248540596524
"FA_CingulumcingulategyrusL",4.91444997694075
"FA_CingulumhippocampusR",-44.5953018059921
"FA_CingulumhippocampusL",-3.25001304508668
"FA_Fornix_StriaterminalisR",-0.44556084413293
"FA_Fornix_StriaterminalisL",23.6182486048219
"FA_SuperiorlongitudinalfasciculusR",4.5648785073771
"FA_SuperiorlongitudinalfasciculusL",-10.5243107718593
"FA_SuperiorfrontooccipitalfasciculusR",11.260581056112
"FA_SuperiorfrontooccipitalfasciculusL",3.0239284953974
"FA_UncinatefasciculusR",5.54482786153016
"FA_UncinatefasciculusL",23.7562441022042
"FA_TapetumR",-3.42019132886143
"FA_TapetumL",-1.91390568121561
"FA_Mean",758.265529783476
"FA_CINGL",6.78157587940641
"FA_CINGR",62.1854133746463
"MD_ATRL",-364.117921632209
"MD_ATRR",744.982345014333
"MD_CSTL",188.31102088566
"MD_CSTR",103.66081332519
"MD_CGL",894.373142551486
"MD_CGR",-221.497723454085
"MD_FMAJ",-109.10908044016
"MD_FMIN",-321.978480812381
"MD_IFOFL",449.226536960214
"MD_IFOFR",-958.592588678746
"MD_ILFL",138.669213311654
"MD_ILFR",139.324560549127
"MD_SLFL",475.302880279315
"MD_SLFR",-80.8442197293909
"MD_UFL",-194.221718630243
"MD_UFR",-103.106651714634
"MD_SLFTL",-167.008699932788
"MD_SLTFR",83.32223043249
"MD_Middlecerebellarpeduncle",-396.410661857487
"MD_Pontine",5.00959899027627
"MD_GenuCC",-289.735250519497
"MD_BodyCC",-69.4655751976487
"MD_SpleniumCC",-86.6384129000411
"MD_Fornix",-49.636385514638
"MD_CorticospinaltractR",62.0874240636939
"MD_CorticospinaltractL",-99.0608880661858
"MD_MediallemniscusR",-54.8052082530146
"MD_MediallemniscusL",56.9368525521924
"MD_InferiorcerebellarpeduncleR",-67.2266109841806
"MD_InferiorcerebellarpeduncleL",55.8575662091843
"MD_SuperiorcerebellarpeduncleR",-26.2987571387714
"MD_SuperiorcerebellarpeduncleL",61.7344160833699
"MD_CerebralpeduncleR",-38.1372499318653
"MD_CerebralpeduncleL",2.06369366283758
"MD_AnteriorlimbofinternalcapsuleR",-273.240801233711
"MD_AnteriorlimbofinternalcapsuleL",164.711501765417
"MD_.PosteriorlimbofinternalcapsuleR",-269.992580319292
"MD_PosteriorlimbofinternalcapsuleL",293.500984753734
"MD_RetrolenticularpartofinternalcapsuleR",221.526273491455
"MD_RetrolenticularpartofinternalcapsuleL",-153.651269224951
"MD_AnteriorcoronaradiataR",611.921951501938
"MD_AnteriorcoronaradiataL",-242.936005998224
"MD_SuperiorcoronaradiataR",-380.019810143485
"MD_SuperiorcoronaradiataL",140.275831199788
"MD_PosteriorcoronaradiataR",261.053141722347
"MD_PosteriorcoronaradiataL",-339.919418562704
"MD_PosteriorthalamicradiationR",641.528881299695
"MD_PosteriorthalamicradiationL",-363.286515992254
"MD_SagittalstratumR",-113.035819141769
"MD_SagittalstratumL",-139.293227398386
"MD_ExternalcapsuleR",149.093851893898
"MD_ExternalcapsuleL",-51.58194684961
"MD_CingulumcingulategyrusR",60.4850106664955
"MD_CingulumcingulategyrusL",-97.2823337854581
"MD_CingulumhippocampusR",-78.5890440270172
"MD_CingulumhippocampusL",85.8236341527921
"MD_Fornix_StriaterminalisR",36.2082892674409
"MD_Fornix_StriaterminalisL",99.1807348195007
"MD_SuperiorlongitudinalfasciculusR",-602.8186075456
"MD_SuperiorlongitudinalfasciculusL",-81.3570360174151
"MD_SuperiorfrontooccipitalfasciculusR",-67.3107719704602
"MD_SuperiorfrontooccipitalfasciculusL",-69.0434627173605
"MD_UncinatefasciculusR",-48.778585485429
"MD_UncinatefasciculusL",26.3481766447083
"MD_TapetumR",-70.0775401080091
"MD_TapetumL",12.6230403688926
"MD_Mean",869.626123441963
"MD_CINGL",-83.1134414004396
"MD_CINGR",269.560811769534
"RD_ATRL",182.855739879454
"RD_ATRR",-516.150559206337
"RD_CSTL",-31.0587678599994
"RD_CSTR",-53.9917547123642
"RD_CGL",-532.736084886478
"RD_CGR",125.468523639744
"RD_FMAJ",67.4600513197952
"RD_FMIN",236.137352530779
"RD_IFOFL",-386.38273576929
"RD_IFOFR",528.765801890983
"RD_ILFL",-25.1533125682423
"RD_ILFR",-91.3058989896744
"RD_SLFL",-261.614386052495
"RD_SLFR",-83.6355477066632
"RD_UFL",52.409588677701
"RD_UFR",-15.7928260197978
"RD_SLFTL",172.091927654724
"RD_SLTFR",-10.843168399235
"RD_Middlecerebellarpeduncle",269.961290503362
"RD_Pontine",-10.0427775066155
"RD_GenuCC",148.797830120177
"RD_BodyCC",12.5301161304109
"RD_SpleniumCC",79.1954543996118
"RD_Fornix",29.8573595064098
"RD_CorticospinaltractR",-38.1056210022258
"RD_CorticospinaltractL",52.9497762438505
"RD_MediallemniscusR",15.1624831541655
"RD_MediallemniscusL",-31.7043274215953
"RD_InferiorcerebellarpeduncleR",47.3147678483258
"RD_InferiorcerebellarpeduncleL",-38.4877154642747
"RD_SuperiorcerebellarpeduncleR",48.0561074211782
"RD_SuperiorcerebellarpeduncleL",-44.0721573520405
"RD_CerebralpeduncleR",12.6730201050749
"RD_CerebralpeduncleL",-14.0702738536947
"RD_AnteriorlimbofinternalcapsuleR",168.199429704257
"RD_AnteriorlimbofinternalcapsuleL",-103.579755133894
"RD_.PosteriorlimbofinternalcapsuleR",180.270285143466
"RD_PosteriorlimbofinternalcapsuleL",-171.449604508314
"RD_RetrolenticularpartofinternalcapsuleR",-151.742597811564
"RD_RetrolenticularpartofinternalcapsuleL",63.4281166408797
"RD_AnteriorcoronaradiataR",-404.293560046977
"RD_AnteriorcoronaradiataL",-4.72373824571809
"RD_SuperiorcoronaradiataR",250.676929791857
"RD_SuperiorcoronaradiataL",-145.208415476761
"RD_PosteriorcoronaradiataR",-190.329128268428
"RD_PosteriorcoronaradiataL",239.427907270365
"RD_PosteriorthalamicradiationR",-403.187767932669
"RD_PosteriorthalamicradiationL",241.813455119798
"RD_SagittalstratumR",76.820271871764
"RD_SagittalstratumL",85.1805715000454
"RD_ExternalcapsuleR",-79.8359719533582
"RD_ExternalcapsuleL",10.4707043999742
"RD_CingulumcingulategyrusR",-28.0387254425098
"RD_CingulumcingulategyrusL",25.1489552425782
"RD_CingulumhippocampusR",42.4234473139968
"RD_CingulumhippocampusL",-56.2175507879359
"RD_Fornix_StriaterminalisR",2.20295156037702
"RD_Fornix_StriaterminalisL",-36.5084658890545
"RD_SuperiorlongitudinalfasciculusR",425.024712616442
"RD_SuperiorlongitudinalfasciculusL",50.3836746957771
"RD_SuperiorfrontooccipitalfasciculusR",21.6539157300811
"RD_SuperiorfrontooccipitalfasciculusL",51.7454553337054
"RD_UncinatefasciculusR",21.4710953312688
"RD_UncinatefasciculusL",20.3671566944412
"RD_TapetumR",50.1027331893376
"RD_TapetumL",-4.83695367812755
"RD_Mean",-19.3358107500839
"RD_CINGL",62.8705578515893
"RD_CINGR",-188.53876291788
"AD_ATRL",11.0749431281387
"AD_ATRR",-249.430095339563
"AD_CSTL",-34.4617413343631
"AD_CSTR",-70.4781649150805
"AD_CGL",-315.564272918379
"AD_CGR",9.52017415662313
"AD_FMAJ",48.1052449076462
"AD_FMIN",144.81672066088
"AD_IFOFL",-170.19355414792
"AD_IFOFR",333.329287175943
"AD_ILFL",-32.107472772182
"AD_ILFR",-45.8040158665893
"AD_SLFL",-175.745781347997
"AD_SLFR",-56.8432849123987
"AD_UFL",118.800273335265
"AD_UFR",48.4312908002299
"AD_SLFTL",61.8731156751644
"AD_SLTFR",-23.8116567911586
"AD_Middlecerebellarpeduncle",135.105684306082
"AD_Pontine",4.44658440922085
"AD_GenuCC",80.3063759426115
"AD_BodyCC",33.8411401833334
"AD_SpleniumCC",37.1217047801856
"AD_Fornix",18.225578564577
"AD_CorticospinaltractR",-20.2426044933764
"AD_CorticospinaltractL",33.7204434672934
"AD_MediallemniscusR",13.5720333618099
"AD_MediallemniscusL",-10.6006604892664
"AD_InferiorcerebellarpeduncleR",24.9518849989378
"AD_InferiorcerebellarpeduncleL",-22.0671559762346
"AD_SuperiorcerebellarpeduncleR",-0.596037069876726
"AD_SuperiorcerebellarpeduncleL",-24.2654087379209
"AD_CerebralpeduncleR",16.5614799328603
"AD_CerebralpeduncleL",-7.85392749400767
"AD_AnteriorlimbofinternalcapsuleR",92.103943793015
"AD_AnteriorlimbofinternalcapsuleL",-23.4250238551874
"AD_.PosteriorlimbofinternalcapsuleR",101.172690259323
"AD_PosteriorlimbofinternalcapsuleL",-83.6033528834719
"AD_RetrolenticularpartofinternalcapsuleR",-70.6692243607691
"AD_RetrolenticularpartofinternalcapsuleL",37.2389097032025
"AD_AnteriorcoronaradiataR",-218.107130652726
"AD_AnteriorcoronaradiataL",82.8993561537751
"AD_SuperiorcoronaradiataR",128.249541601509
"AD_SuperiorcoronaradiataL",-48.2995998044325
"AD_PosteriorcoronaradiataR",-83.8025855996491
"AD_PosteriorcoronaradiataL",132.435530304154
"AD_PosteriorthalamicradiationR",-217.710698846263
"AD_PosteriorthalamicradiationL",113.023952246935
"AD_SagittalstratumR",43.5502457943695
"AD_SagittalstratumL",49.6013058718031
"AD_ExternalcapsuleR",-54.9504270224052
"AD_ExternalcapsuleL",35.1659706865506
"AD_CingulumcingulategyrusR",12.615961357612
"AD_CingulumcingulategyrusL",30.4931281814363
"AD_CingulumhippocampusR",45.660921968907
"AD_CingulumhippocampusL",-28.0150259976552
"AD_Fornix_StriaterminalisR",-13.1408253097346
"AD_Fornix_StriaterminalisL",-41.0329560641058
"AD_SuperiorlongitudinalfasciculusR",210.788829246866
"AD_SuperiorlongitudinalfasciculusL",28.3908774105806
"AD_SuperiorfrontooccipitalfasciculusR",18.091144202734
"AD_SuperiorfrontooccipitalfasciculusL",25.8026727653291
"AD_UncinatefasciculusR",15.0483390800173
"AD_UncinatefasciculusL",-20.3762230834588
"AD_TapetumR",26.3109749511992
"AD_TapetumL",-3.86076407578381
"AD_Mean",-353.17435210438
"AD_CINGL",24.7890325324766
"AD_CINGR",-123.216898356428
"smt_fa_ATRL",-160.225311031287
"smt_fa_ATRR",126.698353064767
"smt_fa_CSTL",-243.496165347336
"smt_fa_CSTR",98.0180868080103
"smt_fa_CGL",140.373192709688
"smt_fa_CGR",40.0490432120637
"smt_fa_FMAJ",-307.901268489021
"smt_fa_FMIN",106.774353039979
"smt_fa_IFOFL",75.6990334618607
"smt_fa_IFOFR",-73.3955346641492
"smt_fa_ILFL",176.743768638568
"smt_fa_ILFR",-18.9983362246008
"smt_fa_SLFL",-30.7052292368268
"smt_fa_SLFR",-68.8837218215404
"smt_fa_UFL",-34.7895157888378
"smt_fa_UFR",64.911177648178
"smt_fa_SLFTL",22.6218745664714
"smt_fa_SLTFR",29.3422893080452
"smt_fa_Middlecerebellarpeduncle",-98.0869882612621
"smt_fa_Pontine",-18.2217222709588
"smt_fa_GenuCC",-35.4576831852406
"smt_fa_BodyCC",328.842769887539
"smt_fa_SpleniumCC",76.8480271828845
"smt_fa_Fornix",-13.1297432400993
"smt_fa_CorticospinaltractR",-4.07004889235127
"smt_fa_CorticospinaltractL",16.8146458443763
"smt_fa_MediallemniscusR",-42.2734792762624
"smt_fa_MediallemniscusL",34.7175093027745
"smt_fa_InferiorcerebellarpeduncleR",62.8490162800071
"smt_fa_InferiorcerebellarpeduncleL",1.14307873115644
"smt_fa_SuperiorcerebellarpeduncleR",6.18899708155186
"smt_fa_SuperiorcerebellarpeduncleL",-10.7637851548416
"smt_fa_CerebralpeduncleR",-18.528424409975
"smt_fa_CerebralpeduncleL",51.9537521440206
"smt_fa_AnteriorlimbofinternalcapsuleR",-23.6130312828492
"smt_fa_AnteriorlimbofinternalcapsuleL",20.6765980761914
"smt_fa_.PosteriorlimbofinternalcapsuleR",13.528304805971
"smt_fa_PosteriorlimbofinternalcapsuleL",71.9971401797949
"smt_fa_RetrolenticularpartofinternalcapsuleR",67.2020277570423
"smt_fa_RetrolenticularpartofinternalcapsuleL",-150.883291937091
"smt_fa_AnteriorcoronaradiataR",-175.519149596576
"smt_fa_AnteriorcoronaradiataL",57.072258557937
"smt_fa_SuperiorcoronaradiataR",114.23601257246
"smt_fa_SuperiorcoronaradiataL",-68.396523937229
"smt_fa_PosteriorcoronaradiataR",-152.769506021039
"smt_fa_PosteriorcoronaradiataL",-32.6178659779515
"smt_fa_PosteriorthalamicradiationR",38.4783155511029
"smt_fa_PosteriorthalamicradiationL",-249.523175934772
"smt_fa_SagittalstratumR",18.6951149536585
"smt_fa_SagittalstratumL",-51.8385401630401
"smt_fa_ExternalcapsuleR",-40.5588325157291
"smt_fa_ExternalcapsuleL",12.9510343261943
"smt_fa_CingulumcingulategyrusR",115.269344618038
"smt_fa_CingulumcingulategyrusL",-57.6991180659458
"smt_fa_CingulumhippocampusR",48.2811000068932
"smt_fa_CingulumhippocampusL",50.1530437612842
"smt_fa_Fornix_StriaterminalisR",16.6946013549962
"smt_fa_Fornix_StriaterminalisL",16.8224110092512
"smt_fa_SuperiorlongitudinalfasciculusR",18.8538003486747
"smt_fa_SuperiorlongitudinalfasciculusL",12.1858539963843
"smt_fa_SuperiorfrontooccipitalfasciculusR",-3.54127267426287
"smt_fa_SuperiorfrontooccipitalfasciculusL",49.3228737073342
"smt_fa_UncinatefasciculusR",14.3864082840248
"smt_fa_UncinatefasciculusL",-10.124546415144
"smt_fa_TapetumR",15.4232679694529
"smt_fa_TapetumL",25.8141968611247
"smt_fa_Mean",-137.285396587029
"smt_fa_CINGL",-70.9070790542198
"smt_fa_CINGR",-40.9176489400806
"smt_long_ATRL",44847.6826378172
"smt_long_ATRR",-34950.7984443408
"smt_long_CSTL",-42241.8358973853
"smt_long_CSTR",-18787.3842457278
"smt_long_CGL",1883.59368900823
"smt_long_CGR",-24229.0288759863
"smt_long_FMAJ",9003.42007950617
"smt_long_FMIN",22033.1172524414
"smt_long_IFOFL",15863.0466178927
"smt_long_IFOFR",38563.7172727295
"smt_long_ILFL",4510.63611812167
"smt_long_ILFR",-8298.27124161087
"smt_long_SLFL",36215.5203248563
"smt_long_SLFR",29950.3867163278
"smt_long_UFL",22425.8439826398
"smt_long_UFR",-28932.6098319362
"smt_long_SLFTL",-2469.04891397024
"smt_long_SLTFR",16525.4465786996
"smt_long_Middlecerebellarpeduncle",51299.798345713
"smt_long_Pontine",-12760.7153885978
"smt_long_GenuCC",4647.79667597588
"smt_long_BodyCC",-17030.7515604237
"smt_long_SpleniumCC",6304.26267071406
"smt_long_Fornix",7873.21357639698
"smt_long_CorticospinaltractR",19014.2422595198
"smt_long_CorticospinaltractL",-15259.4571601199
"smt_long_MediallemniscusR",28713.6779960763
"smt_long_MediallemniscusL",23659.0092443154
"smt_long_InferiorcerebellarpeduncleR",1299.8647503388
"smt_long_InferiorcerebellarpeduncleL",-18198.3421463371
"smt_long_SuperiorcerebellarpeduncleR",-47.5970373457051
"smt_long_SuperiorcerebellarpeduncleL",22975.568709139
"smt_long_CerebralpeduncleR",3032.18306472187
"smt_long_CerebralpeduncleL",57041.3601498104
"smt_long_AnteriorlimbofinternalcapsuleR",1898.39459614096
"smt_long_AnteriorlimbofinternalcapsuleL",39293.7047511975
"smt_long_.PosteriorlimbofinternalcapsuleR",59509.2140516309
"smt_long_PosteriorlimbofinternalcapsuleL",-24263.0063346296
"smt_long_RetrolenticularpartofinternalcapsuleR",-7179.81835770387
"smt_long_RetrolenticularpartofinternalcapsuleL",-2508.05861635851
"smt_long_AnteriorcoronaradiataR",29858.494741013
"smt_long_AnteriorcoronaradiataL",-30407.3043221669
"smt_long_SuperiorcoronaradiataR",-12199.2304259026
"smt_long_SuperiorcoronaradiataL",-33819.0877346345
"smt_long_PosteriorcoronaradiataR",-4306.05871635296
"smt_long_PosteriorcoronaradiataL",37076.2059510705
"smt_long_PosteriorthalamicradiationR",-20016.3489348324
"smt_long_PosteriorthalamicradiationL",22992.5379857795
"smt_long_SagittalstratumR",-8516.771491126
"smt_long_SagittalstratumL",-5584.56432499011
"smt_long_ExternalcapsuleR",12333.92659435
"smt_long_ExternalcapsuleL",-1125.99196666195
"smt_long_CingulumcingulategyrusR",-34956.6966673287
"smt_long_CingulumcingulategyrusL",-24489.0924247825
"smt_long_CingulumhippocampusR",4065.37537012266
"smt_long_CingulumhippocampusL",-64108.069708714
"smt_long_Fornix_StriaterminalisR",-2471.05075311197
"smt_long_Fornix_StriaterminalisL",21541.9421905889
"smt_long_SuperiorlongitudinalfasciculusR",-190.530499284584
"smt_long_SuperiorlongitudinalfasciculusL",-29065.0822569404
"smt_long_SuperiorfrontooccipitalfasciculusR",-5959.48400765922
"smt_long_SuperiorfrontooccipitalfasciculusL",19699.7354532717
"smt_long_UncinatefasciculusR",-358.164646690735
"smt_long_UncinatefasciculusL",-5210.85082625626
"smt_long_TapetumR",17566.2398009419
"smt_long_TapetumL",13939.4984397846
"smt_long_Mean",121075.48660346
"smt_long_CINGL",19571.4757940402
"smt_long_CINGR",-8824.69374893848
"smt_md_ATRL",-126766.482087001
"smt_md_ATRR",59208.3287885694
"smt_md_CSTL",-36097.0554207847
"smt_md_CSTR",10536.6504494266
"smt_md_CGL",34587.58869542
"smt_md_CGR",85468.1169756457
"smt_md_FMAJ",-6366.01310697409
"smt_md_FMIN",-120365.044323884
"smt_md_IFOFL",-16638.2945001781
"smt_md_IFOFR",-108128.808838539
"smt_md_ILFL",-31238.2445017415
"smt_md_ILFR",41399.0283943376
"smt_md_SLFL",-93833.1657355788
"smt_md_SLFR",-34302.8294508585
"smt_md_UFL",-32225.6859902872
"smt_md_UFR",83979.7079160385
"smt_md_SLFTL",23331.2982252991
"smt_md_SLTFR",-70832.6634363954
"smt_md_Middlecerebellarpeduncle",8450.52729499054
"smt_md_Pontine",40806.1637026595
"smt_md_GenuCC",-16721.2269578979
"smt_md_BodyCC",13704.8974576246
"smt_md_SpleniumCC",-24604.8670927206
"smt_md_Fornix",-23171.2564473982
"smt_md_CorticospinaltractR",-50138.8571092901
"smt_md_CorticospinaltractL",53796.3145527203
"smt_md_MediallemniscusR",-80091.2178616884
"smt_md_MediallemniscusL",-68424.5619724955
"smt_md_InferiorcerebellarpeduncleR",1798.09020195864
"smt_md_InferiorcerebellarpeduncleL",37044.4833420754
"smt_md_SuperiorcerebellarpeduncleR",-939.02140989555
"smt_md_SuperiorcerebellarpeduncleL",-64539.8668036159
"smt_md_CerebralpeduncleR",-18628.6066050875
"smt_md_CerebralpeduncleL",-168140.256281562
"smt_md_AnteriorlimbofinternalcapsuleR",20480.6125464071
"smt_md_AnteriorlimbofinternalcapsuleL",-102228.221445712
"smt_md_.PosteriorlimbofinternalcapsuleR",-175972.448661454
"smt_md_PosteriorlimbofinternalcapsuleL",56302.8797584668
"smt_md_RetrolenticularpartofinternalcapsuleR",5594.93299966563
"smt_md_RetrolenticularpartofinternalcapsuleL",9157.22121968179
"smt_md_AnteriorcoronaradiataR",-75593.4616406971
"smt_md_AnteriorcoronaradiataL",50576.3219066666
"smt_md_SuperiorcoronaradiataR",30673.1875792324
"smt_md_SuperiorcoronaradiataL",153469.878680028
"smt_md_PosteriorcoronaradiataR",13981.5413140765
"smt_md_PosteriorcoronaradiataL",-102285.659565098
"smt_md_PosteriorthalamicradiationR",42669.3347805266
"smt_md_PosteriorthalamicradiationL",-39176.0334155886
"smt_md_SagittalstratumR",1874.68428125294
"smt_md_SagittalstratumL",-2561.35505523486
"smt_md_ExternalcapsuleR",-21886.1136744642
"smt_md_ExternalcapsuleL",-1650.54559509096
"smt_md_CingulumcingulategyrusR",90643.7425798531
"smt_md_CingulumcingulategyrusL",47758.877768027
"smt_md_CingulumhippocampusR",-42415.5780822411
"smt_md_CingulumhippocampusL",185858.890884154
"smt_md_Fornix_StriaterminalisR",-5637.54512004933
"smt_md_Fornix_StriaterminalisL",-96887.2887644397
"smt_md_SuperiorlongitudinalfasciculusR",12812.7861494473
"smt_md_SuperiorlongitudinalfasciculusL",74232.3835185008
"smt_md_SuperiorfrontooccipitalfasciculusR",8620.32370745651
"smt_md_SuperiorfrontooccipitalfasciculusL",-60379.6101514777
"smt_md_UncinatefasciculusR",18744.2288855827
"smt_md_UncinatefasciculusL",12431.402699389
"smt_md_TapetumR",-55598.1630537709
"smt_md_TapetumL",-47970.9587976445
"smt_md_Mean",-196869.111392908
"smt_md_CINGL",-53466.0351900027
"smt_md_CINGR",1120.19064806097
"smt_trans_ATRL",60529.4032849547
"smt_trans_ATRR",37247.3847866695
"smt_trans_CSTL",-28744.0022578017
"smt_trans_CSTR",-4428.01615903742
"smt_trans_CGL",12874.7730528315
"smt_trans_CGR",-60160.065801245
"smt_trans_FMAJ",-81278.1499568342
"smt_trans_FMIN",-3260.24514064585
"smt_trans_IFOFL",42526.6954982533
"smt_trans_IFOFR",104488.055516509
"smt_trans_ILFL",15995.0899192633
"smt_trans_ILFR",-53964.9097484312
"smt_trans_SLFL",112756.891228619
"smt_trans_SLFR",13427.0377729688
"smt_trans_UFL",-17381.3530067093
"smt_trans_UFR",-40856.9123547586
"smt_trans_SLFTL",-39153.3881074128
"smt_trans_SLTFR",31295.6195018141
"smt_trans_Middlecerebellarpeduncle",-80589.7145757157
"smt_trans_Pontine",-24849.3334429612
"smt_trans_GenuCC",19062.8101860361
"smt_trans_BodyCC",128961.420199938
"smt_trans_SpleniumCC",71657.3645423087
"smt_trans_Fornix",10999.6300266266
"smt_trans_CorticospinaltractR",34337.7355492085
"smt_trans_CorticospinaltractL",-36986.977659247
"smt_trans_MediallemniscusR",32629.4668775838
"smt_trans_MediallemniscusL",48042.694909957
"smt_trans_InferiorcerebellarpeduncleR",21555.1654172942
"smt_trans_InferiorcerebellarpeduncleL",-17512.4982153304
"smt_trans_SuperiorcerebellarpeduncleR",-7548.1376833014
"smt_trans_SuperiorcerebellarpeduncleL",52677.9175486886
"smt_trans_CerebralpeduncleR",-16152.2607432469
"smt_trans_CerebralpeduncleL",134760.962136227
"smt_trans_AnteriorlimbofinternalcapsuleR",-39539.8488512802
"smt_trans_AnteriorlimbofinternalcapsuleL",34381.3826359356
"smt_trans_.PosteriorlimbofinternalcapsuleR",142940.510492984
"smt_trans_PosteriorlimbofinternalcapsuleL",-26656.8471793201
"smt_trans_RetrolenticularpartofinternalcapsuleR",12825.2800394513
"smt_trans_RetrolenticularpartofinternalcapsuleL",-48327.1598465277
"smt_trans_AnteriorcoronaradiataR",2434.27874810665
"smt_trans_AnteriorcoronaradiataL",23669.8966340631
"smt_trans_SuperiorcoronaradiataR",-10225.8675011089
"smt_trans_SuperiorcoronaradiataL",-45843.7618591662
"smt_trans_PosteriorcoronaradiataR",-70110.248303748
"smt_trans_PosteriorcoronaradiataL",35421.6511504298
"smt_trans_PosteriorthalamicradiationR",-27355.4002037277
"smt_trans_PosteriorthalamicradiationL",-53087.4134497852
"smt_trans_SagittalstratumR",15073.0717198917
"smt_trans_SagittalstratumL",-25192.5173688527
"smt_trans_ExternalcapsuleR",2425.02411230764
"smt_trans_ExternalcapsuleL",36908.9339043646
"smt_trans_CingulumcingulategyrusR",-55987.4649290489
"smt_trans_CingulumcingulategyrusL",-45309.3895275709
"smt_trans_CingulumhippocampusR",21779.4115511876
"smt_trans_CingulumhippocampusL",-80183.3289910381
"smt_trans_Fornix_StriaterminalisR",17367.2539283406
"smt_trans_Fornix_StriaterminalisL",55896.6284730319
"smt_trans_SuperiorlongitudinalfasciculusR",-18637.0622023212
"smt_trans_SuperiorlongitudinalfasciculusL",-33113.0553484443
"smt_trans_SuperiorfrontooccipitalfasciculusR",-12794.4575017226
"smt_trans_SuperiorfrontooccipitalfasciculusL",59228.4433373671
"smt_trans_UncinatefasciculusR",41983.279455003
"smt_trans_UncinatefasciculusL",-8345.41994506066
"smt_trans_TapetumR",40807.6709023525
"smt_trans_TapetumL",40998.4696294627
"smt_trans_Mean",-24826.3700788082
"smt_trans_CINGL",-883.477884825003
"smt_trans_CINGR",-13977.6952034687
"smt_mc_intra_ATRL",20.7106808098986
"smt_mc_intra_ATRR",-114.566155211663
"smt_mc_intra_CSTL",-131.729712754308
"smt_mc_intra_CSTR",33.5180649265462
"smt_mc_intra_CGL",40.7851218286895
"smt_mc_intra_CGR",-12.389359160135
"smt_mc_intra_FMAJ",59.4756194590573
"smt_mc_intra_FMIN",-91.43350852243
"smt_mc_intra_IFOFL",-59.3672367804184
"smt_mc_intra_IFOFR",165.495036619871
"smt_mc_intra_ILFL",-35.4085964598736
"smt_mc_intra_ILFR",-165.834138987027
"smt_mc_intra_SLFL",19.0943306272997
"smt_mc_intra_SLFR",44.1302008083431
"smt_mc_intra_UFL",47.4487413838978
"smt_mc_intra_UFR",-32.0999471268984
"smt_mc_intra_SLFTL",9.90546616655733
"smt_mc_intra_SLTFR",-62.1500525761851
"smt_mc_intra_Middlecerebellarpeduncle",176.327448112938
"smt_mc_intra_Pontine",35.4119795531842
"smt_mc_intra_GenuCC",-19.9062307513052
"smt_mc_intra_BodyCC",29.8000267884882
"smt_mc_intra_SpleniumCC",-52.6403967681336
"smt_mc_intra_Fornix",-47.0069972082531
"smt_mc_intra_CorticospinaltractR",-13.7170163287746
"smt_mc_intra_CorticospinaltractL",4.31810920056613
"smt_mc_intra_MediallemniscusR",6.40542742208758
"smt_mc_intra_MediallemniscusL",-28.2826133999864
"smt_mc_intra_InferiorcerebellarpeduncleR",-5.59635107206762
"smt_mc_intra_InferiorcerebellarpeduncleL",5.88472828470295
"smt_mc_intra_SuperiorcerebellarpeduncleR",-1.65188401172415
"smt_mc_intra_SuperiorcerebellarpeduncleL",-36.0402252683907
"smt_mc_intra_CerebralpeduncleR",-18.5410602175619
"smt_mc_intra_CerebralpeduncleL",0.393101767117857
"smt_mc_intra_AnteriorlimbofinternalcapsuleR",48.0486305314757
"smt_mc_intra_AnteriorlimbofinternalcapsuleL",34.734040247419
"smt_mc_intra_.PosteriorlimbofinternalcapsuleR",27.1801537741067
"smt_mc_intra_PosteriorlimbofinternalcapsuleL",-37.379561972497
"smt_mc_intra_RetrolenticularpartofinternalcapsuleR",22.3427935573359
"smt_mc_intra_RetrolenticularpartofinternalcapsuleL",31.1175184754253
"smt_mc_intra_AnteriorcoronaradiataR",57.7491113300233
"smt_mc_intra_AnteriorcoronaradiataL",-44.9227507359661
"smt_mc_intra_SuperiorcoronaradiataR",-107.303594865279
"smt_mc_intra_SuperiorcoronaradiataL",72.8694699323344
"smt_mc_intra_PosteriorcoronaradiataR",38.9702865725751
"smt_mc_intra_PosteriorcoronaradiataL",-25.6300242965408
"smt_mc_intra_PosteriorthalamicradiationR",-36.8625114702041
"smt_mc_intra_PosteriorthalamicradiationL",-8.76284879461477
"smt_mc_intra_SagittalstratumR",28.8801773633052
"smt_mc_intra_SagittalstratumL",-11.5524671794204
"smt_mc_intra_ExternalcapsuleR",44.578634884577
"smt_mc_intra_ExternalcapsuleL",20.3626016442896
"smt_mc_intra_CingulumcingulategyrusR",-130.207626003421
"smt_mc_intra_CingulumcingulategyrusL",38.9535790248887
"smt_mc_intra_CingulumhippocampusR",-18.6027829803149
"smt_mc_intra_CingulumhippocampusL",-2.86487648151725
"smt_mc_intra_Fornix_StriaterminalisR",8.02486214542908
"smt_mc_intra_Fornix_StriaterminalisL",-40.2964729321686
"smt_mc_intra_SuperiorlongitudinalfasciculusR",9.30285621573607
"smt_mc_intra_SuperiorlongitudinalfasciculusL",5.3340773378763
"smt_mc_intra_SuperiorfrontooccipitalfasciculusR",13.4240075389783
"smt_mc_intra_SuperiorfrontooccipitalfasciculusL",-14.8793646771423
"smt_mc_intra_UncinatefasciculusR",39.0548353948095
"smt_mc_intra_UncinatefasciculusL",-1.01383654408123
"smt_mc_intra_TapetumR",-10.1797738733986
"smt_mc_intra_TapetumL",3.4207311870673
"smt_mc_intra_Mean",69.169914912906
"smt_mc_intra_CINGL",18.8269051848885
"smt_mc_intra_CINGR",77.1696202671443
"smt_mc_extramd_ATRL",-82501.4619628393
"smt_mc_extramd_ATRR",-61209.0985376692
"smt_mc_extramd_CSTL",62902.6893674173
"smt_mc_extramd_CSTR",-53988.9264458946
"smt_mc_extramd_CGL",-42303.5310927973
"smt_mc_extramd_CGR",64005.4879676338
"smt_mc_extramd_FMAJ",-3148.56022927189
"smt_mc_extramd_FMIN",72123.6687297097
"smt_mc_extramd_IFOFL",21445.6117719593
"smt_mc_extramd_IFOFR",-9453.57030626283
"smt_mc_extramd_ILFL",15743.6437438687
"smt_mc_extramd_ILFR",-43080.2124682124
"smt_mc_extramd_SLFL",-44140.2497159482
"smt_mc_extramd_SLFR",39800.6698855729
"smt_mc_extramd_UFL",-93051.2076147706
"smt_mc_extramd_UFR",-70516.4893791332
"smt_mc_extramd_SLFTL",9300.20538920867
"smt_mc_extramd_SLTFR",3940.06002673833
"smt_mc_extramd_Middlecerebellarpeduncle",1018.55627639696
"smt_mc_extramd_Pontine",-116736.075357663
"smt_mc_extramd_GenuCC",11508.8483231256
"smt_mc_extramd_BodyCC",16402.7027388978
"smt_mc_extramd_SpleniumCC",-38572.3210586007
"smt_mc_extramd_Fornix",-59650.8250411291
"smt_mc_extramd_CorticospinaltractR",223.386945781821
"smt_mc_extramd_CorticospinaltractL",-97897.5800324264
"smt_mc_extramd_MediallemniscusR",-28605.4808359665
"smt_mc_extramd_MediallemniscusL",34534.9917466579
"smt_mc_extramd_InferiorcerebellarpeduncleR",-59105.1425395311
"smt_mc_extramd_InferiorcerebellarpeduncleL",-36077.2503660824
"smt_mc_extramd_SuperiorcerebellarpeduncleR",-16318.493751382
"smt_mc_extramd_SuperiorcerebellarpeduncleL",-33503.0422094008
"smt_mc_extramd_CerebralpeduncleR",58741.8049123775
"smt_mc_extramd_CerebralpeduncleL",39880.9915178142
"smt_mc_extramd_AnteriorlimbofinternalcapsuleR",14582.2067632424
"smt_mc_extramd_AnteriorlimbofinternalcapsuleL",-77031.4329311487
"smt_mc_extramd_.PosteriorlimbofinternalcapsuleR",28864.9635781289
"smt_mc_extramd_PosteriorlimbofinternalcapsuleL",-49242.0648347924
"smt_mc_extramd_RetrolenticularpartofinternalcapsuleR",43129.9201531996
"smt_mc_extramd_RetrolenticularpartofinternalcapsuleL",-23529.6956440097
"smt_mc_extramd_AnteriorcoronaradiataR",93960.2961389649
"smt_mc_extramd_AnteriorcoronaradiataL",23102.6605578966
"smt_mc_extramd_SuperiorcoronaradiataR",77275.7842555956
"smt_mc_extramd_SuperiorcoronaradiataL",12201.8219636447
"smt_mc_extramd_PosteriorcoronaradiataR",41499.9986774018
"smt_mc_extramd_PosteriorcoronaradiataL",-77072.6209287179
"smt_mc_extramd_PosteriorthalamicradiationR",24367.0015600202
"smt_mc_extramd_PosteriorthalamicradiationL",54818.1249563751
"smt_mc_extramd_SagittalstratumR",59321.9009873296
"smt_mc_extramd_SagittalstratumL",15700.3447966853
"smt_mc_extramd_ExternalcapsuleR",33016.4504994012
"smt_mc_extramd_ExternalcapsuleL",-90116.3813849286
"smt_mc_extramd_CingulumcingulategyrusR",-65591.3050462009
"smt_mc_extramd_CingulumcingulategyrusL",-40695.6054021683
"smt_mc_extramd_CingulumhippocampusR",11711.554708595
"smt_mc_extramd_CingulumhippocampusL",48607.5835112326
"smt_mc_extramd_Fornix_StriaterminalisR",-128800.711454168
"smt_mc_extramd_Fornix_StriaterminalisL",218.353754108431
"smt_mc_extramd_SuperiorlongitudinalfasciculusR",-60036.352549211
"smt_mc_extramd_SuperiorlongitudinalfasciculusL",33308.3034292034
"smt_mc_extramd_SuperiorfrontooccipitalfasciculusR",-62444.1817354871
"smt_mc_extramd_SuperiorfrontooccipitalfasciculusL",-17709.2863929508
"smt_mc_extramd_UncinatefasciculusR",-89056.3672030474
"smt_mc_extramd_UncinatefasciculusL",115769.302125789
"smt_mc_extramd_TapetumR",-99276.5337775804
"smt_mc_extramd_TapetumL",3267.96446221524
"smt_mc_extramd_Mean",21466.0775208299
"smt_mc_extramd_CINGL",3579.97196113105
"smt_mc_extramd_CINGR",-3451.57259835478
"smt_mc_extratrans_ATRL",51771.1691050752
"smt_mc_extratrans_ATRR",-13709.409800306
"smt_mc_extratrans_CSTL",-58503.4264475493
"smt_mc_extratrans_CSTR",65191.4286575097
"smt_mc_extratrans_CGL",59946.7237217847
"smt_mc_extratrans_CGR",-71530.3553062813
"smt_mc_extratrans_FMAJ",48327.4680024368
"smt_mc_extratrans_FMIN",-38478.8954566062
"smt_mc_extratrans_IFOFL",-11047.8289652779
"smt_mc_extratrans_IFOFR",27260.664714171
"smt_mc_extratrans_ILFL",-4148.66865018006
"smt_mc_extratrans_ILFR",-10734.6174499035
"smt_mc_extratrans_SLFL",40520.006529663
"smt_mc_extratrans_SLFR",-38828.8826759951
"smt_mc_extratrans_UFL",51204.1588719427
"smt_mc_extratrans_UFR",65154.4542267183
"smt_mc_extratrans_SLFTL",-28017.2811009892
"smt_mc_extratrans_SLTFR",-17147.4902698743
"smt_mc_extratrans_Middlecerebellarpeduncle",36467.6597987271
"smt_mc_extratrans_Pontine",79334.5366361558
"smt_mc_extratrans_GenuCC",-20081.7948915774
"smt_mc_extratrans_BodyCC",-2136.87111584545
"smt_mc_extratrans_SpleniumCC",-170.773271681629
"smt_mc_extratrans_Fornix",23366.5056333598
"smt_mc_extratrans_CorticospinaltractR",-3742.60336061901
"smt_mc_extratrans_CorticospinaltractL",68325.0546281915
"smt_mc_extratrans_MediallemniscusR",31237.4148893603
"smt_mc_extratrans_MediallemniscusL",-26729.1614341696
"smt_mc_extratrans_InferiorcerebellarpeduncleR",38876.9905953442
"smt_mc_extratrans_InferiorcerebellarpeduncleL",24555.9998670842
"smt_mc_extratrans_SuperiorcerebellarpeduncleR",13669.2088999442
"smt_mc_extratrans_SuperiorcerebellarpeduncleL",13642.7709849313
"smt_mc_extratrans_CerebralpeduncleR",-38714.925950357
"smt_mc_extratrans_CerebralpeduncleL",-22934.2499920191
"smt_mc_extratrans_AnteriorlimbofinternalcapsuleR",10531.5348406417
"smt_mc_extratrans_AnteriorlimbofinternalcapsuleL",70078.6164816013
"smt_mc_extratrans_.PosteriorlimbofinternalcapsuleR",-7424.31089193433
"smt_mc_extratrans_PosteriorlimbofinternalcapsuleL",20569.4695420506
"smt_mc_extratrans_RetrolenticularpartofinternalcapsuleR",-33857.7271847253
"smt_mc_extratrans_RetrolenticularpartofinternalcapsuleL",30495.4294379168
"smt_mc_extratrans_AnteriorcoronaradiataR",-62759.2111832913
"smt_mc_extratrans_AnteriorcoronaradiataL",-32890.836068276
"smt_mc_extratrans_SuperiorcoronaradiataR",-70622.0655775657
"smt_mc_extratrans_SuperiorcoronaradiataL",-14366.993715402
"smt_mc_extratrans_PosteriorcoronaradiataR",-7479.89759131599
"smt_mc_extratrans_PosteriorcoronaradiataL",44626.2248714901
"smt_mc_extratrans_PosteriorthalamicradiationR",-18823.8880642499
"smt_mc_extratrans_PosteriorthalamicradiationL",-35987.1400095427
"smt_mc_extratrans_SagittalstratumR",-18479.0367100027
"smt_mc_extratrans_SagittalstratumL",-10379.335998819
"smt_mc_extratrans_ExternalcapsuleR",-14614.1484678365
"smt_mc_extratrans_ExternalcapsuleL",76837.7324201433
"smt_mc_extratrans_CingulumcingulategyrusR",26743.31950839
"smt_mc_extratrans_CingulumcingulategyrusL",32368.9329097282
"smt_mc_extratrans_CingulumhippocampusR",7673.98894073439
"smt_mc_extratrans_CingulumhippocampusL",-42088.6787695519
"smt_mc_extratrans_Fornix_StriaterminalisR",83748.5917477397
"smt_mc_extratrans_Fornix_StriaterminalisL",-1260.57119018157
"smt_mc_extratrans_SuperiorlongitudinalfasciculusR",48748.3886256893
"smt_mc_extratrans_SuperiorlongitudinalfasciculusL",-27126.455593302
"smt_mc_extratrans_SuperiorfrontooccipitalfasciculusR",40840.6366878742
"smt_mc_extratrans_SuperiorfrontooccipitalfasciculusL",6497.93301291841
"smt_mc_extratrans_UncinatefasciculusR",54397.0592670961
"smt_mc_extratrans_UncinatefasciculusL",-83003.8721361157
"smt_mc_extratrans_TapetumR",63855.0108731693
"smt_mc_extratrans_TapetumL",-3163.6465362267
"smt_mc_extratrans_Mean",-20085.6557858296
"smt_mc_extratrans_CINGL",-413.255610659078
"smt_mc_extratrans_CINGR",5431.62120859785
"smt_mc_diff_ATRL",35271.8928715373
"smt_mc_diff_ATRR",49545.8976654828
"smt_mc_diff_CSTL",46960.5982408397
"smt_mc_diff_CSTR",23050.3446322058
"smt_mc_diff_CGL",20099.0314084722
"smt_mc_diff_CGR",-36976.8552895763
"smt_mc_diff_FMAJ",3939.06984608699
"smt_mc_diff_FMIN",-10328.4689977837
"smt_mc_diff_IFOFL",-13649.0150489443
"smt_mc_diff_IFOFR",-13018.3395554229
"smt_mc_diff_ILFL",-2694.80394963874
"smt_mc_diff_ILFR",32447.9699565063
"smt_mc_diff_SLFL",2036.54121458338
"smt_mc_diff_SLFR",-42499.9432480448
"smt_mc_diff_UFL",12235.4466617585
"smt_mc_diff_UFR",30317.8213851179
"smt_mc_diff_SLFTL",-15468.2372130241
"smt_mc_diff_SLTFR",17246.4182280559
"smt_mc_diff_Middlecerebellarpeduncle",-82035.5589444635
"smt_mc_diff_Pontine",34946.6258823705
"smt_mc_diff_GenuCC",2454.71880351703
"smt_mc_diff_BodyCC",-7459.58300947255
"smt_mc_diff_SpleniumCC",27396.0269412367
"smt_mc_diff_Fornix",28632.9828077518
"smt_mc_diff_CorticospinaltractR",-845.725084039483
"smt_mc_diff_CorticospinaltractL",30025.418882921
"smt_mc_diff_MediallemniscusR",7837.00316361838
"smt_mc_diff_MediallemniscusL",-9950.13738761479
"smt_mc_diff_InferiorcerebellarpeduncleR",17890.632471246
"smt_mc_diff_InferiorcerebellarpeduncleL",15788.6974159138
"smt_mc_diff_SuperiorcerebellarpeduncleR",12857.1135128484
"smt_mc_diff_SuperiorcerebellarpeduncleL",13416.8428338802
"smt_mc_diff_CerebralpeduncleR",-19903.4173210085
"smt_mc_diff_CerebralpeduncleL",-13529.289889021
"smt_mc_diff_AnteriorlimbofinternalcapsuleR",-15117.706217771
"smt_mc_diff_AnteriorlimbofinternalcapsuleL",11521.0088155222
"smt_mc_diff_.PosteriorlimbofinternalcapsuleR",-10851.3208260273
"smt_mc_diff_PosteriorlimbofinternalcapsuleL",18503.0022239293
"smt_mc_diff_RetrolenticularpartofinternalcapsuleR",-16731.5550268753
"smt_mc_diff_RetrolenticularpartofinternalcapsuleL",9027.87914190137
"smt_mc_diff_AnteriorcoronaradiataR",-44541.6773896197
"smt_mc_diff_AnteriorcoronaradiataL",8797.38564596743
"smt_mc_diff_SuperiorcoronaradiataR",-13899.9452336364
"smt_mc_diff_SuperiorcoronaradiataL",-11472.6698501791
"smt_mc_diff_PosteriorcoronaradiataR",-18056.3623750276
"smt_mc_diff_PosteriorcoronaradiataL",17720.7019665202
"smt_mc_diff_PosteriorthalamicradiationR",-5817.89410213889
"smt_mc_diff_PosteriorthalamicradiationL",-22171.0921255225
"smt_mc_diff_SagittalstratumR",-23010.055722388
"smt_mc_diff_SagittalstratumL",8141.4164212382
"smt_mc_diff_ExternalcapsuleR",-20080.5230961122
"smt_mc_diff_ExternalcapsuleL",20882.2583116803
"smt_mc_diff_CingulumcingulategyrusR",50471.830583875
"smt_mc_diff_CingulumcingulategyrusL",8016.31366796005
"smt_mc_diff_CingulumhippocampusR",11237.4221636679
"smt_mc_diff_CingulumhippocampusL",-16659.8040162153
"smt_mc_diff_Fornix_StriaterminalisR",43441.7352414079
"smt_mc_diff_Fornix_StriaterminalisL",12475.6793075793
"smt_mc_diff_SuperiorlongitudinalfasciculusR",16429.0692321247
"smt_mc_diff_SuperiorlongitudinalfasciculusL",10002.3050321788
"smt_mc_diff_SuperiorfrontooccipitalfasciculusR",18190.7845060957
"smt_mc_diff_SuperiorfrontooccipitalfasciculusL",7413.0693758331
"smt_mc_diff_UncinatefasciculusR",19568.6370429369
"smt_mc_diff_UncinatefasciculusL",-35502.5627184625
"smt_mc_diff_TapetumR",33740.8367271801
"smt_mc_diff_TapetumL",-2440.36295825174
"smt_mc_diff_Mean",-77245.7424676592
"smt_mc_diff_CINGL",-396.077718820807
"smt_mc_diff_CINGR",-8347.27377906882
"awf_ATRL",-22.3261306922071
"awf_ATRR",-10.7436186488343
"awf_CSTL",15.9824215485415
"awf_CSTR",22.3902504381681
"awf_CGL",56.8144767840456
"awf_CGR",-18.2597180506525
"awf_FMAJ",-17.4184441469243
"awf_FMIN",-12.431020945491
"awf_IFOFL",-102.79315558102
"awf_IFOFR",-121.844631323277
"awf_ILFL",7.05489585828879
"awf_ILFR",-1.09635102490527
"awf_SLFL",-7.03034568761295
"awf_SLFR",-43.1651258952556
"awf_UFL",-68.7960735108234
"awf_UFR",-26.0545534054082
"awf_SLFTL",6.77856343254224
"awf_SLTFR",6.5327611221435
"awf_Middlecerebellarpeduncle",-67.2404461540736
"awf_Pontine",10.5755458477429
"awf_GenuCC",8.58358995484982
"awf_BodyCC",-5.76487959446629
"awf_SpleniumCC",18.7456705322621
"awf_Fornix",-54.1873635581449
"awf_CorticospinaltractR",-3.32917290999506
"awf_CorticospinaltractL",-2.80146062952468
"awf_MediallemniscusR",-5.77396784434224
"awf_MediallemniscusL",-2.53094141447467
"awf_InferiorcerebellarpeduncleR",10.6639381700128
"awf_InferiorcerebellarpeduncleL",14.1179532072039
"awf_SuperiorcerebellarpeduncleR",13.544607186241
"awf_SuperiorcerebellarpeduncleL",5.19710732314631
"awf_CerebralpeduncleR",-9.9399715871875
"awf_CerebralpeduncleL",-6.52243577287248
"awf_AnteriorlimbofinternalcapsuleR",13.6749144990835
"awf_AnteriorlimbofinternalcapsuleL",5.77082445546795
"awf_.PosteriorlimbofinternalcapsuleR",15.1806717673868
"awf_PosteriorlimbofinternalcapsuleL",-13.3332427879098
"awf_RetrolenticularpartofinternalcapsuleR",33.2652439513192
"awf_RetrolenticularpartofinternalcapsuleL",17.4453028317554
"awf_AnteriorcoronaradiataR",23.662446049695
"awf_AnteriorcoronaradiataL",-18.3253198287672
"awf_SuperiorcoronaradiataR",24.6061347382905
"awf_SuperiorcoronaradiataL",2.74293442318387
"awf_PosteriorcoronaradiataR",17.8459029197218
"awf_PosteriorcoronaradiataL",-39.1870181674971
"awf_PosteriorthalamicradiationR",-2.84982864868961
"awf_PosteriorthalamicradiationL",12.3103549812313
"awf_SagittalstratumR",8.02625200486356
"awf_SagittalstratumL",18.3205594591957
"awf_ExternalcapsuleR",35.3600002698899
"awf_ExternalcapsuleL",52.7430601131142
"awf_CingulumcingulategyrusR",-11.6851757066706
"awf_CingulumcingulategyrusL",-16.407772067992
"awf_CingulumhippocampusR",10.7686464516221
"awf_CingulumhippocampusL",-3.66020251791308
"awf_Fornix_StriaterminalisR",11.1171654126291
"awf_Fornix_StriaterminalisL",20.4878666957155
"awf_SuperiorlongitudinalfasciculusR",9.66180067502566
"awf_SuperiorlongitudinalfasciculusL",-3.09977076315915
"awf_SuperiorfrontooccipitalfasciculusR",-15.4909600450138
"awf_SuperiorfrontooccipitalfasciculusL",-4.64079655242475
"awf_UncinatefasciculusR",7.68698181805851
"awf_UncinatefasciculusL",17.2046468215725
"awf_TapetumR",-1.21710680198365
"awf_TapetumL",0.697164651856425
"awf_Mean",69.5439273966863
"awf_CINGL",6.36672404763981
"awf_CINGR",-9.40824625356753
"radEAD_ATRL",-3.5303882131671
"radEAD_ATRR",-0.995762848984513
"radEAD_CSTL",2.62905382693965
"radEAD_CSTR",3.19965485413406
"radEAD_CGL",-62.9916609898024
"radEAD_CGR",-44.55767930491
"radEAD_FMAJ",-10.760254790587
"radEAD_FMIN",-18.0645986849134
"radEAD_IFOFL",9.96762054397373
"radEAD_IFOFR",125.354778655277
"radEAD_ILFL",-0.188989953438735
"radEAD_ILFR",-1.27051961285631
"radEAD_SLFL",-4.03508301903719
"radEAD_SLFR",-4.44413257123429
"radEAD_UFL",70.8417698058749
"radEAD_UFR",33.2962572824372
"radEAD_SLFTL",-32.8724467645985
"radEAD_SLTFR",-1.04282356189253
"radEAD_Middlecerebellarpeduncle",-1.46902200042218
"radEAD_Pontine",-1.02250391195133
"radEAD_GenuCC",3.23023303541926
"radEAD_BodyCC",4.16779274857928
"radEAD_SpleniumCC",3.61757420676295
"radEAD_Fornix",0.280854509198806
"radEAD_CorticospinaltractR",1.77188602528066
"radEAD_CorticospinaltractL",-0.104766428992517
"radEAD_MediallemniscusR",2.65094896132071
"radEAD_MediallemniscusL",-0.759853422258918
"radEAD_InferiorcerebellarpeduncleR",2.69290012578388
"radEAD_InferiorcerebellarpeduncleL",0.0805669242737043
"radEAD_SuperiorcerebellarpeduncleR",-16.0131806443387
"radEAD_SuperiorcerebellarpeduncleL",-2.37625409913355
"radEAD_CerebralpeduncleR",-1.55178206796737
"radEAD_CerebralpeduncleL",1.60104962626286
"radEAD_AnteriorlimbofinternalcapsuleR",-2.16464552953491
"radEAD_AnteriorlimbofinternalcapsuleL",4.64243378016167
"radEAD_.PosteriorlimbofinternalcapsuleR",-10.7029437642307
"radEAD_PosteriorlimbofinternalcapsuleL",3.82303140851183
"radEAD_RetrolenticularpartofinternalcapsuleR",-9.52497829101337
"radEAD_RetrolenticularpartofinternalcapsuleL",23.2718452078203
"radEAD_AnteriorcoronaradiataR",-7.0440509000567
"radEAD_AnteriorcoronaradiataL",77.964517935689
"radEAD_SuperiorcoronaradiataR",-28.4723522855713
"radEAD_SuperiorcoronaradiataL",3.08904529179732
"radEAD_PosteriorcoronaradiataR",4.23630314789407
"radEAD_PosteriorcoronaradiataL",21.3682523886873
"radEAD_PosteriorthalamicradiationR",3.23348252276919
"radEAD_PosteriorthalamicradiationL",4.03585702761047
"radEAD_SagittalstratumR",-3.02940035878779
"radEAD_SagittalstratumL",-1.98249121414748
"radEAD_ExternalcapsuleR",-42.1889057409239
"radEAD_ExternalcapsuleL",-5.4880182480174
"radEAD_CingulumcingulategyrusR",64.6619761679858
"radEAD_CingulumcingulategyrusL",28.6232950100341
"radEAD_CingulumhippocampusR",-1.64435672275932
"radEAD_CingulumhippocampusL",-1.8642382945966
"radEAD_Fornix_StriaterminalisR",-19.3311805867784
"radEAD_Fornix_StriaterminalisL",-10.3638709724887
"radEAD_SuperiorlongitudinalfasciculusR",11.3356824016877
"radEAD_SuperiorlongitudinalfasciculusL",-13.9108186592928
"radEAD_SuperiorfrontooccipitalfasciculusR",16.2145620383901
"radEAD_SuperiorfrontooccipitalfasciculusL",3.05552551863707
"radEAD_UncinatefasciculusR",10.6780954586178
"radEAD_UncinatefasciculusL",-21.1639238043236
"radEAD_TapetumR",-0.615587381926592
"radEAD_TapetumL",-2.0395437841841
"radEAD_Mean",4.62840213586729
"radEAD_CINGL",4.81750432658204
"radEAD_CINGR",4.1821124535807
